Time,Mean1,Mean2,Mean3,Mean4
12889.6067,0.6155983293613505,0.45594176736255754,0.6656145099995995,0.6418546816307938
12899.6142,0.6884728803943432,0.5155510112373675,0.7629212216187261,0.7093034787280683
12909.6217,0.7615276299599247,0.5754548815544636,0.8610093812628983,0.7768288828269304
12919.6291,0.8335733943517094,0.6347643060021403,0.9583636366569999,0.843229671267341
12929.6366,0.9033291444599132,0.6924723771876191,1.0530906408891683,0.9072036719536358
12939.644,0.9696482334514125,0.7476311992150186,1.1435150199093862,0.9676451735396503
12949.6515,1.0316688355268415,0.7994844180975902,1.2282898713493549,1.0237316038293427
12959.659,1.0888108654002169,0.8475181839763799,1.3064347925851725,1.0749453835827172
12969.6664,1.1407241082772455,0.8914244700431619,1.3773746651915924,1.1210267394510012
12979.6739,1.1872785952702416,0.9310595930882779,1.4408584479624948,1.161910106242769
12989.6813,1.2285213778028024,0.9663978054372627,1.4968970802906552,1.1976801631018563
12999.6888,1.264629925660498,0.9975100521901465,1.5456897581496722,1.2285309839046605
13009.6962,1.2958566582194135,1.0245778824794787,1.5875546310975623,1.2547753516659688
13019.7037,1.3224860954144038,1.0478230070568244,1.6228738150560555,1.2768030700282
13029.7112,1.344829168555885,1.067466126948164,1.652100961259909,1.2949799099823724
13039.7186,1.3632200817587932,1.083782772176833,1.6757609065295245,1.309640381998718
13049.7261,1.37801416846792,1.097074573785732,1.6943655240663535,1.3211180722584526
13059.7335,1.389562954923402,1.107595537379407,1.7083776754510902,1.3297095785836697
13069.741,1.3981892539457221,1.1155811542558653,1.7182284541785862,1.3356678647631643
13079.7485,1.4041667489301821,1.121276763878033,1.724339580633691,1.339249704094097
13089.7559,1.4077446508214884,1.124892871807354,1.727109060758303,1.3407297066058677
13099.7634,1.4091597112249974,1.1266158786116942,1.7268830138867464,1.3403695031282097
13109.7708,1.408618824747414,1.1266457085642654,1.7239797956857865,1.3383721010142091
13119.7783,1.4063422065220696,1.1251745937612014,1.7187199985089714,1.3349196437955917
13129.7858,1.4025640425078516,1.1223656847417052,1.711391462901078,1.3301938304927852
13139.7932,1.3974668873241065,1.1183695598721952,1.702231053361698,1.324322661260548
13149.8007,1.391206963472222,1.1133224546678964,1.691479523580666,1.317426888917889
13159.8081,1.3839437851877483,1.1073408418229924,1.6793482328858942,1.3096579953735334
13169.8156,1.3757980543144046,1.1005330790339087,1.665976432056036,1.3011561972129184
13179.823,1.3668565810953919,1.092984541386376,1.6515032014216047,1.2920233643483043
13189.8305,1.3571914535935679,1.0847600369916948,1.6360869612645372,1.2823225394939644
13199.838,1.3468657771933144,1.0759271579430898,1.6198223264624878,1.272103896096343
13209.8454,1.3359671620487628,1.0665655726131162,1.602791358942352,1.261434673405433
13219.8529,1.3245967374793846,1.056767712031197,1.585143239265288,1.2504095730035079
13229.8603,1.3128159164867492,1.0466160865373435,1.567005169424412,1.2391070075885728
13239.8678,1.3006757842992889,1.036168968332525,1.548444163611347,1.227546708359402
13249.8753,1.288257389960906,1.0254615093655088,1.5295319978697708,1.215749292493464
13259.8827,1.2756431577043263,1.0145446300940457,1.5103502415303633,1.2037662997579028
13269.8902,1.2628759152255957,1.0034772971120307,1.490988358379018,1.1916428382369277
13279.8976,1.2499537515689967,0.9922781870975319,1.471546407962968,1.1794427927759128
13289.9051,1.2368777916073963,0.9809661733510209,1.4521148976167786,1.16721274628293
13299.9126,1.223687146183768,0.9695809370045619,1.4327413460461762,1.1549473758010538
13309.92,1.2104244549719483,0.9581722004896666,1.413420157834042,1.142663122293136
13319.9275,1.1971258972198136,0.9467922067806198,1.394166195319648,1.1303938975201204
13329.9349,1.183823510893515,0.935449469333749,1.3750171525117563,1.1181488417989907
13339.9424,1.1705333052299687,0.9241207467437929,1.3559868294260249,1.1059374029000284
13349.9498,1.1572692679565741,0.9128132771220494,1.3370974875054993,1.0937634896719362
13359.9573,1.1440434838495488,0.9015683826436922,1.318382155994989,1.081624091027824
13369.9648,1.130863634868569,0.8904265874630538,1.2998670676170452,1.069560155815878
13379.9722,1.1177512833951844,0.8794080905170433,1.2815765734986224,1.0576247902610032
13389.9797,1.1047453264022193,0.8685168854803678,1.2635292028410896,1.0458208982594626
13399.9871,1.0918584449654027,0.8577628172739007,1.2457363418211331,1.034148990471086
13409.9946,1.0790762059558094,0.8471508271680711,1.2282081962057885,1.0226339260858257
13420.0021,1.0664252475484428,0.8366871892710045,1.210961250683274,1.0112820680608618
13430.0095,1.0539404773678496,0.826375828854688,1.194004217422745,1.0000603959466925
13440.017,1.0416148102975074,0.8162082500113041,1.177318542174607,0.9889520708579584
13450.0244,1.029429591822953,0.8061803006310845,1.1608777909581296,0.9779654713076718
13460.0319,1.0173896053868159,0.7962887421780711,1.1446827503983292,0.9670986687636427
13470.0393,1.0055185620849587,0.7865371189527457,1.1287611007986778,0.956377625953233
13480.0468,0.993806083747929,0.7769271137947493,1.1131455735043745,0.9458305658883407
13490.0543,0.9822227103936025,0.767466469445572,1.0978364158184464,0.9354494250625738
13500.0617,0.9707759308864119,0.7581754858938119,1.0828270962508904,0.9252268318439553
13510.0692,0.9594919461109881,0.7490640559688376,1.0681156000813874,0.9151649595613682
13520.0766,0.9483981676404026,0.7401211726074747,1.0536905145605027,0.9052832445176029
13530.0841,0.9375167958352358,0.731331299668945,1.0395548190995765,0.8956007559556609
13540.0916,0.9268463034588064,0.7226952284468244,1.0257138513762791,0.886126299759275
13550.099,0.9163934570473065,0.7142245683416726,1.0121846011612803,0.876880518453919
13560.1065,0.9061715257461119,0.7059433752188469,0.9989746145509995,0.867860356315401
13570.1139,0.8961649185305924,0.6978581925681331,0.9860641781449098,0.859047334940078
13580.1214,0.8863667223222285,0.6899507367443386,0.9734475570699082,0.8504345140555847
13590.1289,0.8767948500135931,0.6822217895660964,0.9611292159175503,0.8420139704791322
13600.1363,0.8674564390063024,0.6746781302887672,0.9491187557566134,0.8337864089247725
13610.1438,0.8583380412002379,0.6673149071237415,0.937412285747071,0.8257695885851414
13620.1512,0.8494273791116205,0.6601335843445094,0.9259961463568912,0.8179928909196913
13630.1587,0.8407315166997064,0.6531362361788705,0.9148712266043952,0.8104712986387548
13640.1661,0.8322542209957072,0.646328461373762,0.9040310429059057,0.8031842852517246
13650.1736,0.8239905650546804,0.6397150492809833,0.893468777687393,0.796107117458176
13660.1811,0.8159534741783885,0.6332975707177765,0.8831965173052287,0.7892499004496227
13670.1885,0.8081655116237052,0.6270921014853632,0.8732344285675462,0.7826337809748259
13680.196,0.8006568407192052,0.6211031934989651,0.8635812221428155,0.7762580387286514
13690.2034,0.7934405279059809,0.6153212767791306,0.8542234160415542,0.7701096687882815
13700.2109,0.7865025861270977,0.6097482232887409,0.8451837413626289,0.7641878813497927
13710.2184,0.7798486585650634,0.6044028452930057,0.8364959389276971,0.7585333559053741
13720.2258,0.7735014106498636,0.5993179836118793,0.8281938488726553,0.7531953208981881
13730.2333,0.7674822672744497,0.5945303938816864,0.8203349322081821,0.7481952212894524
13740.2407,0.761832685467629,0.5900707148149051,0.8129704512460685,0.7435512153005437
13750.2482,0.7566261923011735,0.5859831711207389,0.8061470947799855,0.7393074786997904
13760.2556,0.7519494072842646,0.5823418752093745,0.7999400739381574,0.7355282295232848
13770.2631,0.747892181600971,0.5792324380195626,0.7944433709955889,0.7322813984511577
13780.2706,0.7445508033652276,0.5767378783831788,0.7897630990779809,0.7296802397386115
13790.278,0.742052834102763,0.5749660842398749,0.7860553008086107,0.7278957764179286
13800.2855,0.7405905487588536,0.5740913074641585,0.7835550951087648,0.7271264686010871
13810.2929,0.7404300002468441,0.5743376356768287,0.7825718433438918,0.7276188702892729
13820.3004,0.7419169429891737,0.5759688419187953,0.78348467600671,0.7296876400714645
13830.3079,0.7455045777103889,0.5793363924402615,0.7867633509222745,0.733740399468106
13840.3153,0.7517516000718661,0.5849172298726069,0.7930261209842814,0.7403001705081821
13850.3228,0.7613429091347841,0.593322811641771,0.8030930247674853,0.75002091008381
13860.3302,0.7751818501929347,0.6053171531164591,0.8180296644770787,0.7637668607034379
13870.3377,0.7944537552062039,0.6218944961666305,0.8391812236186672,0.7826804626966868
13880.3452,0.8204194208451854,0.6441354761356015,0.8681539020461535,0.807953386758663
13890.3526,0.8536386351897209,0.6725717090770472,0.9062541671151702,0.840103733211841
13900.3601,0.8934115230825883,0.7067131197356766,0.9534221179370934,0.8784670174591442
13910.3675,0.9381857873415709,0.7453096886979254,1.0080338517700607,0.9215146240909293
13920.375,0.9861489588336815,0.7868703805298667,1.067725827878586,0.967413536642166
13930.3824,1.0355107977637013,0.829928127640669,1.1300980717822808,1.014354809769868
13940.3899,1.0847049261609563,0.8731750950845354,1.1929770262187127,1.0607559044580208
13950.3974,1.1324796570080418,0.915528779453936,1.2545373765398606,1.1053861535414065
13960.4048,1.1778664994937322,0.9561172880646357,1.3133511500022446,1.147350508044207
13970.4123,1.220128642556004,0.9942985847235427,1.3683346474166096,1.186020651329753
13980.4197,1.2587705160683396,1.0296149721710806,1.4187262654075106,1.2210200729876768
13990.4272,1.2935613965337098,1.0617654203436782,1.4640920094900094,1.2521657352109457
14000.4347,1.3244229195075792,1.0906006070821355,1.50426154185758,1.2794040961973867
14010.4421,1.3513344220373964,1.1160694604281312,1.5391858662478106,1.3028042697089441
14020.4496,1.374375136410277,1.1382186942719623,1.5689183177376735,1.3225311550763668
14030.457,1.393731925145282,1.1571775926481571,1.5936680128506504,1.3388332262564622
14040.4645,1.4096341265708678,1.173113513253183,1.6137698388442299,1.3519705912189208
14050.4719,1.4223290505910116,1.1862300071723841,1.6296233246941443,1.3622120915462617
14060.4794,1.432083832410712,1.1967326955606494,1.6415899207418327,1.3698506007023072
14070.4869,1.4391691788721979,1.2048076011924986,1.6499663244114147,1.3751153806418779
14080.4943,1.4438488774272187,1.2106245222569043,1.6550386219795141,1.3782058029550512
14090.5018,1.446346210159551,1.2143345814209539,1.6570917515560468,1.3793131297751846
14100.5092,1.4468097623069334,1.2161022917112616,1.656414937694987,1.3786155920024614
14110.5167,1.4454064422660946,1.216118076438461,1.653284940039252,1.3763236452626892
14120.5242,1.4423490211603374,1.2145650931845013,1.647958230911765,1.3726387676350775
14130.5316,1.4378221954929045,1.2116087818504653,1.6406706455454367,1.3676875096161674
14140.5391,1.4319858595365484,1.207395263900125,1.6316370848063628,1.3615765729658893
14150.5465,1.424969776702431,1.2020401810652197,1.6210542332046163,1.354454354214278
14160.554,1.416894099182481,1.19564265760513,1.609112043191512,1.346449863159878
14170.5615,1.407910611706901,1.188289328923276,1.5959776063818414,1.3376639442214155
14180.5689,1.3981683960470586,1.1800882252352727,1.5817548419417615,1.328212580803258
14190.5764,1.3877714759109876,1.1711648102888264,1.5665772744272175,1.3181917699007621
14200.5838,1.3767669097046853,1.1616077775168419,1.5506042709728902,1.3076699483722938
14210.5913,1.3652238937869743,1.1514991212873913,1.5339515346184391,1.2967208682814217
14220.5987,1.353255331610121,1.1409356265529182,1.5167332554947497,1.2854127246220044
14230.6062,1.3409421544896958,1.1299982798532366,1.49906216698525,1.2738080568942238
14240.6137,1.3283556018104519,1.1187410548412782,1.4810294542479305,1.261966422615032
14250.6211,1.315552358676802,1.1071893226815226,1.462715761113637,1.2499167060611478
14260.6286,1.302545271356631,1.0953669765906107,1.4441853147769321,1.2376689408645356
14270.636,1.2893430109425235,1.0833422495641472,1.4254951192543839,1.2252743685638532
14280.6435,1.2759776634998417,1.0711900022716097,1.4066977172593917,1.2127983514837997
14290.651,1.2624999984311869,1.0589356206765221,1.3878701007212375,1.2002747526507147
14300.6584,1.2489411199218816,1.0466041256208412,1.3690741466461516,1.1877304625872689
14310.6659,1.235328191464551,1.0342540974213235,1.3503070478895294,1.175178464589509
14320.6733,1.2217199574970021,1.0219511810254915,1.3316169945686736,1.1626475575903106
14330.6808,1.2081543601190163,1.0097246812520912,1.3130910381506402,1.1501635026798442
14340.6882,1.1946423616758843,0.9975676331773053,1.2947684340117624,1.1377232699718127
14350.6957,1.1811848532705902,0.9854870665389979,1.276659356866806,1.1253526142486514
14360.7032,1.1677638844791265,0.9734933223155025,1.258736386530122,1.1130690364674407
14370.7106,1.1543672253037234,0.9615935595507474,1.240967198156852,1.1008583999170891
14380.7181,1.1410287462009725,0.9498143098102273,1.2233769405187558,1.0887280037257152
14390.7255,1.1278321180968203,0.9381870023271902,1.2060281123665377,1.0766960249320792
14400.733,1.114812888162909,0.9267207271588961,1.1889379493738277,1.0647715544769158
14410.7405,1.1019303365810993,0.9154105992383639,1.1720984013007534,1.0529683638094791
14420.7479,1.0891655036352152,0.9042581290766079,1.1555251511548836,1.0413063345554092
14430.7554,1.0765444774098156,0.8932476215933522,1.1392193852482557,1.0297834772882795
14440.7628,1.0640756271504015,0.8823724778739056,1.1231813553245023,1.0183911149384306
14450.7703,1.0517568587074058,0.8716563398118292,1.1074120884023337,1.0071374149344894
14460.7778,1.0396304127558342,0.8611174808621044,1.0919010247624874,0.9960445613121559
14470.7852,1.0277332533066028,0.8507616919471068,1.0766741091429837,0.9851506051691398
14480.7927,1.016053265970248,0.8405856918202014,1.0617737173781734,0.9744555162912742
14490.8001,1.0045690572049484,0.8305847223629321,1.0472285701218917,0.9639402711187052
14500.8076,0.9932665615019367,0.8207570119396314,1.0330419095690728,0.953620329113534
14510.815,0.9821478373648876,0.8111046406478699,1.019175237702393,0.9434959021099152
14520.8225,0.971235609237345,0.8016415840657298,1.0055970106376413,0.9335500909192677
14530.83,0.9605384242870649,0.7923858527736898,0.99231173576747,0.9238012979437648
14540.8374,0.9500597982510314,0.7833454114755847,0.9793428657159741,0.914292632568032
14550.8449,0.9398096446439341,0.7745109096545835,0.9666840492180957,0.9050471487922115
14560.8523,0.9297870776809604,0.7658665855707371,0.9543192364993709,0.8960591143076007
14570.8598,0.9199915671575799,0.7574061105271572,0.9422534980903938,0.8873072038728516
14580.8673,0.9104196743458296,0.749140783570891,0.9304778726954167,0.8787734104849644
14590.8747,0.9010740363804799,0.7410919339388502,0.9189892768078815,0.8704519238966375
14600.8822,0.891984607356799,0.7332672206832276,0.9077777542465666,0.8623475278101854
14610.8896,0.8831605047622257,0.7256502363511043,0.8968201439299774,0.8544562985860938
14620.8971,0.8745696178986329,0.7182285164997456,0.8861310515409233,0.8467642350817014
14630.9046,0.8661953857313677,0.7110149056277942,0.8757302480092038,0.8392882101740753
14640.912,0.8580453462098517,0.7040169141305372,0.8656264796949418,0.8320605274252436
14650.9195,0.8501195674740659,0.6972317339876566,0.855828771804701,0.8250827597364179
14660.9269,0.8424252540890043,0.690666173917253,0.8463230562914199,0.8183519074598611
14670.9344,0.8349870439724417,0.6843092988712206,0.8370947003228172,0.8118607115955385
14680.9418,0.8278214107024121,0.6781510695098588,0.8281584160887716,0.8055925211590813
14690.9493,0.8209328934146094,0.6722214623815556,0.8195328919976994,0.7995594693710497
14700.9568,0.8143379644005948,0.6665564049943163,0.8112233133499485,0.79378845053493
14710.9642,0.8080725773408557,0.6611683732534571,0.8032620849593213,0.7883165127781862
14720.9717,0.8021638248013805,0.6560656065444335,0.7957018892626719,0.7831769184597229
14730.9791,0.7966165092679781,0.6512760707962295,0.7885740058949099,0.7783853324134974
14740.9866,0.7914585059585694,0.6468479370223637,0.7819221453288796,0.7739795161166422
14750.9941,0.7867570451575884,0.6428356751497354,0.7758053758365238,0.7700126466770332
14761.0015,0.7825964338016131,0.6393057920305969,0.7702785251806147,0.7665476017496089
14771.009,0.7790912732196096,0.636368558243861,0.7654330641098221,0.7636936729496122
14781.0164,0.7763961170861602,0.6341540186601826,0.7614110954860773,0.7616038499699845
14791.0239,0.7746817005915145,0.6328010442595355,0.7584096070848519,0.7604465996456327
14801.0313,0.7741544228316856,0.6324988195447299,0.7566887747661459,0.7604096141025997
14811.0388,0.7751004246284928,0.6334980879503118,0.7565411555435007,0.7617427473320418
14821.0463,0.7778967245724565,0.6361210808799748,0.7583193653015723,0.7647983341186874
14831.0537,0.7830326874290005,0.640789202996797,0.7625269394859177,0.7700327224036617
14841.0612,0.7911420124128262,0.6480669281790553,0.769836955865861,0.7780344001562961
14851.0686,0.8030521634540223,0.6586889735370265,0.7810788442130296,0.7895863765926949
14861.0761,0.8198282509273227,0.6735745118958976,0.7973089080834129,0.8056806976065906
14871.0836,0.8428039523947888,0.6938938199033238,0.8199087983901325,0.8275714884401045
14881.091,0.8733277131088578,0.7208624469454101,0.8505612733369906,0.8565282116712849
14891.0985,0.9119049185227449,0.7550058875968672,0.8905471030651444,0.8930195556899794
14901.1059,0.9576340679346788,0.7956547161950681,0.939656443650078,0.9362304686623575
14911.1134,1.0086790701676012,0.8412806551349422,0.9961244683868309,0.9844331408508266
14921.1209,1.0629621160696605,0.8900926746581277,1.0574698888458625,1.0355430759033972
14931.1283,1.1184970929027829,0.9403602402413951,1.1211920726357518,1.0875320087179616
14941.1358,1.1735686938143657,0.9905714079905086,1.1850808177743695,1.138695023639447
14951.1432,1.226802759858827,1.0394928395247882,1.2473165853296182,1.1877048056884758
14961.1507,1.277132623879044,1.0861796488314264,1.30650375877015,1.2336097889797064
14971.1581,1.3238135921988823,1.1299626999595445,1.3616251796779983,1.2757639855484861
14981.1656,1.366395018860119,1.1703723443028833,1.4120003782650294,1.3137739812960576
14991.1731,1.4046059476573478,1.20708885911105,1.4572418333461878,1.3474900296885248
15001.1805,1.438355598750174,1.2399312308370711,1.497178474765723,1.3769450012555564
15011.188,1.4677199246026211,1.2688789344369715,1.531795917135841,1.402265325355347
15021.1954,1.4928419169333034,1.2940422793957798,1.5612154805376193,1.4236380813139675
15031.2029,1.5139121862959701,1.315543725965833,1.5856925003985056,1.4413076595995173
15041.2104,1.5311854578450257,1.3335336089745942,1.6055462603836534,1.4555239340753916
15051.2178,1.5449636426495423,1.3482313420859755,1.6211070903751041,1.466558144311405
15061.2253,1.5555513206187692,1.3598691294820426,1.6327120389477279,1.474705332925144
15071.2327,1.5632216034901338,1.3686912039135304,1.640660693248944,1.480224960103032
15081.2402,1.568239499201052,1.3749251681550192,1.6452531081477897,1.4833596151291788
15091.2476,1.5708466577407185,1.3787759424865145,1.6468307587821838,1.4843672836061905
15101.2551,1.5712418669722534,1.3804653798255866,1.6457315878855427,1.4834606945774418
15111.2626,1.5696102717606304,1.3801876982905699,1.6422328902486203,1.4808074504010893
15121.27,1.566155122621265,1.378118421895722,1.6365545387382254,1.476586912870644
15131.2775,1.5611102852719199,1.3744514086605382,1.6289254036478946,1.4710038395117084
15141.2849,1.5546515642872032,1.369355014320135,1.6195751486240317,1.4642237401334959
15151.2924,1.5469330357985926,1.3629811388743378,1.608699968203076,1.4563943551837095
15161.2999,1.5381370313728973,1.3554703676823818,1.596473905213652,1.4476755174644143
15171.3073,1.5284077717732956,1.3469366151428672,1.583059340245615,1.4381621732093741
15181.3148,1.517861093430589,1.337498800762318,1.568618220066184,1.4279174871925697
15191.3222,1.5065913684288417,1.3272702780701184,1.5532946896812934,1.417032216004708
15201.3297,1.494690471156834,1.3163368232250745,1.5372043716219799,1.4055987471819273
15211.3372,1.4822659299728511,1.3047785020794405,1.520450903219872,1.3936936932394066
15221.3446,1.4693873560563582,1.2926652415042963,1.5031096396142498,1.3813850833390067
15231.3521,1.4561035217087654,1.2800784022976988,1.4852726648292378,1.3687496510534178
15241.3595,1.4424880418323753,1.2671227950775472,1.467065436185492,1.3558684158469876
15251.367,1.4286106710602926,1.2538815341925782,1.4485954131406715,1.3427791703154348
15261.3744,1.4145146796255745,1.2404140472207945,1.4299326585224228,1.3295094349362224
15271.3819,1.4002470907915474,1.2267539706303079,1.4111229454355203,1.3161107362715292
15281.3894,1.3858651612737705,1.2129338357387718,1.392234675054822,1.3026165487005352
15291.3968,1.3713975020421938,1.1990196857912852,1.3733381010420456,1.2890541276820493
15301.4043,1.356853720529005,1.1850643024560998,1.354474489223776,1.2754703133147651
15311.4117,1.3422567747607967,1.171107353863924,1.3356835735287236,1.2618729066792995
15321.4192,1.327639648821251,1.1571702212352404,1.3169793528459395,1.2482394137507662
15331.4267,1.3130330216355255,1.1432589302145866,1.2983659068663467,1.2345924363901724
15341.4341,1.2984775930215764,1.129416104845767,1.2798733963336562,1.2209771761982176
15351.4416,1.2840156401197709,1.1156889003862498,1.261542680775856,1.2074704419358029
15361.449,1.269668729386914,1.1021009120845362,1.2434277511185667,1.1941345537200936
15371.4565,1.2554405749147526,1.088663187088928,1.2255623890600058,1.1809247385789312
15381.4639,1.2413004916203132,1.0753702440686288,1.2079485280515094,1.1677942071178047
15391.4714,1.2272432980101238,1.062213270639564,1.1905976673142917,1.1547689613659469
15401.4789,1.2133222444031004,1.0492096191072195,1.1735084146390078,1.1418668384664674
15411.4863,1.1995613552309465,1.0363978789199475,1.156658244587734,1.1290781553079563
15421.4938,1.1859368156196726,1.0237920214363307,1.1400521072833163,1.1164226909426125
15431.5012,1.172422799540251,1.0113685744539007,1.1237088763240302,1.1039283217744167
15441.5087,1.159047896006098,0.9991166223150154,1.10762505663353,1.0915952777234592
15451.5162,1.1458650863099056,0.9870428246445335,1.0918097887914058,1.0794237893596639
15461.5236,1.1328783563568052,0.9751481946541979,1.076297181479688,1.0674367554950657
15471.5311,1.1200979970505127,0.963445346597494,1.0611099300029958,1.0556588929393196
15481.5385,1.107554370876619,0.9519542206019755,1.0462573528338923,1.0440845503134935
15491.546,1.0952514484265232,0.9406774495077309,1.0317470322236137,1.0327083430114279
15501.5535,1.0831941604155122,0.9296206688806151,1.0175764438528199,1.0215450893890803
15511.5609,1.0713860218264246,0.9188007536098213,1.0037274039314097,1.010611993258726
15521.5684,1.0598132251973595,0.9081963540620238,0.9901904868861695,0.9999037147027291
15531.5758,1.0484604413488443,0.8977629606065175,0.9769776186159358,0.9894059234272401
15541.5833,1.037328983311631,0.8875113892866011,0.9640865950886943,0.9791476653422484
15551.5907,1.0264318090039837,0.8774849833725784,0.9514906691164102,0.9691630308520628
15561.5982,1.0157694293002004,0.8676954352880105,0.9391675642393972,0.9594415167050039
15571.6057,1.0053343900407572,0.8581403975544201,0.9271265215353037,0.9499535121715086
15581.6131,0.9951457011279862,0.84883849702765,0.9153915691732561,0.9406900840874246
15591.6206,0.985237451526081,0.8397872914621293,0.9039708804212966,0.931662548104751
15601.628,0.9755939374132134,0.8309567684935177,0.8928581037650928,0.9228744313779832
15611.6355,0.9661892299244508,0.8223529355611202,0.8820365698938766,0.9143281971160586
15621.643,0.9570421042956496,0.8139968213116003,0.871496069035872,0.9060432379857892
15631.6504,0.9481585334074937,0.805894386716987,0.8612541264473461,0.8980398165173301
15641.6579,0.9395410184094498,0.7980469158891048,0.8513237304304637,0.8903068567241792
15651.6653,0.9312153894363772,0.7904449262210737,0.8416756896267452,0.8828110139126135
15661.6728,0.9231724748452884,0.7830758393434322,0.8322869397726628,0.8755442782321872
15671.6802,0.9153775221948136,0.7759423151819843,0.8231838816389263,0.8685293503215065
15681.6877,0.9078332400125766,0.7690757556468333,0.8143930835837209,0.8617923076278471
15691.6952,0.9005713355581189,0.762500896059787,0.8059065442833651,0.8553358513596039
15701.7026,0.8936040959764746,0.7562256956905872,0.7977300587041909,0.849158157619605
15711.7101,0.8869513776787796,0.7502721939208,0.7898962468658162,0.8432750122019762
15721.7175,0.8806709271562237,0.7446798434507438,0.7824499704273478,0.8377210265550652
15731.725,0.8748066837601255,0.7394725385546889,0.7754474806756089,0.8325397255166018
15741.7325,0.8693992089090469,0.7346645505195983,0.7689298783264015,0.8277806778662061
15751.7399,0.864516377120196,0.730313072813699,0.7629382748153217,0.8235139428857389
15761.7474,0.8602617287324127,0.7265189394526583,0.7575479914208221,0.8198226118866895
15771.7548,0.8567677851631466,0.7234117687509678,0.7528686995311706,0.8168030043347
15781.7623,0.8541839376006118,0.7211297879693431,0.7490349992741332,0.814581839658868
15791.7698,0.8526951813033706,0.7198371540870929,0.7462245969288004,0.813339241775852
15801.7772,0.8525374048789306,0.719764811055669,0.744670697776176,0.8133216490223135
15811.7847,0.8540434321335296,0.7212271708406803,0.7446704969931865,0.8148373493927203
15821.7921,0.8576729099317882,0.7246262557977068,0.7466280559992804,0.8182689094046156
15831.7996,0.8639893858848374,0.7304540082357551,0.7510627573372974,0.8241121494785879
15841.807,0.8737125906664989,0.7393533109258384,0.7586277797432135,0.8330096430337168
15851.8145,0.8878229391325765,0.7521773517678632,0.7701541296688923,0.845797296118635
15861.822,0.907567364367065,0.7700223536461285,0.7867145094579066,0.863564076503911
15871.8294,0.9344584333023119,0.7942569241280222,0.8097354652393929,0.8876873622307326
15881.8369,0.9699617502757911,0.8262512647566087,0.8409102959156395,0.9194941760666318
15891.8443,1.0145083607707455,0.8665398405704723,0.8814013531973617,0.9593968080855291
15901.8518,1.0669411937600684,0.9142402740718556,0.9308279385646311,1.0064061785568297
15911.8593,1.1251108562752954,0.9675044871558722,0.9873337644115076,1.0585479106784477
15921.8667,1.186645556287123,1.0242463716436288,1.0484475469334502,1.1135593961495722
15931.8742,1.2493399453107088,1.0824751774252004,1.111707837629718,1.1693270032194423
15941.8816,1.3113209970599673,1.1404450575176597,1.1749088158843113,1.2240510349505356
15951.8891,1.371086677378266,1.1967533169002689,1.2362125493855323,1.2763192435918487
15961.8966,1.4275072772249087,1.2503517859232125,1.294256289265036,1.3251558961507874
15971.904,1.4798042291747784,1.3004808255426377,1.348145764180505,1.3699284174235715
15981.9115,1.527475388940743,1.3466249134938735,1.3972790550698027,1.4102690272967726
15991.9189,1.5702608684245885,1.3884657481674303,1.4412717038445129,1.4460434245906568
16001.9264,1.6081061136524428,1.425830730483744,1.4799785225534088,1.4772455942396034
16011.9338,1.6410456214790785,1.4586871281906904,1.5133929843864786,1.5039593091091523
16021.9413,1.669230274499985,1.4870891650471332,1.5416242448449136,1.5263708604974155
16031.9488,1.6929204257879007,1.5111879664895096,1.5649206521739591,1.5447752124086913
16041.9562,1.712389877898861,1.531240315648335,1.5836101917020085,1.5594953773031324
16051.9637,1.7279250744886423,1.5475301168880713,1.598064003259722,1.570847232765657
16061.9711,1.7398388173270873,1.560353366473423,1.6086609445920599,1.5791574498578727
16071.9786,1.7484625596154235,1.5699762673299027,1.6157412686773054,1.5846872244060517
16081.9861,1.7540789197459756,1.5766401776184398,1.6196075342806293,1.5876688091767814
16091.9935,1.7569795599678089,1.5806146877995315,1.6205328896868891,1.5883827582815364
16102.001,1.7574993351178874,1.5821453918587753,1.61880447593011,1.5871157760714467
16112.0084,1.7558888874393086,1.581469759876479,1.6147302917129567,1.5840883352883297
16122.0159,1.7523430762924512,1.5788139623983801,1.6085914980300666,1.5794344262342976
16132.0233,1.7470897081956915,1.5743457138608286,1.600637586624844,1.5732916158151862
16142.0308,1.7403349151191978,1.5682567901318314,1.5910995949323619,1.5658317539005842
16152.0383,1.7322258296035389,1.5607527690225893,1.5801543274026177,1.5572232508490405
16162.0457,1.7229107086105284,1.5519774321697763,1.5679089816999845,1.5476103740555074
16172.0532,1.7125256647698577,1.5420403105461107,1.554485367472799,1.5371045528445495
16182.0606,1.7011571421749,1.5310389112381395,1.540061741746221,1.5258309680584567
16192.0681,1.688883996624214,1.5191000591648132,1.524784687063705,1.5139159223104868
16202.0756,1.6758175181190067,1.5063705145376431,1.508729846985248,1.5014491922157434
16212.083,1.6620868321395157,1.4929653019730478,1.4920004961717275,1.4885033220732244
16222.0905,1.647781575871501,1.478986954945171,1.4747411819932372,1.4751422685311368
16232.0979,1.6329853406181738,1.4645492833062466,1.4570604678666956,1.4614349573102556
16242.1054,1.6178029977090818,1.4497428168272382,1.4390370600863593,1.4474572304729332
16252.1129,1.6023197960955449,1.4346158723204483,1.4207528357630794,1.4332918048035757
16262.1203,1.5866091937626323,1.4191997123186064,1.4022839382787629,1.4189992274500178
16272.1278,1.5707275077280423,1.4035447662091638,1.3836823198454369,1.404595784322365
16282.1352,1.5546718508192625,1.3877375130894534,1.3649903587779348,1.3900937537063953
16292.1427,1.5384386667786416,1.3718661793004854,1.3462608945659582,1.3755296329771938
16302.1501,1.522078332686319,1.3559809188061218,1.3275385156347013,1.360958125437115
16312.1576,1.5056347294370371,1.3401182118680965,1.3088538251320887,1.3464175843741235
16322.1651,1.4891443817510446,1.324287210466427,1.2902452439647085,1.3318899146006447
16332.1725,1.472636314166444,1.3084822862739431,1.2717585772908337,1.3173443102952804
16342.18,1.4561194906772492,1.2927523015380131,1.253409450346875,1.3028145847681878
16352.1874,1.4396269755464182,1.2771339424105033,1.2352023569718296,1.2883478128608161
16362.1949,1.4231914012612465,1.261627663212709,1.2171810323105432,1.2739465409931414
16372.2024,1.4068301680842756,1.2462532410781115,1.1993820097092647,1.2596081129272836
16382.2098,1.3905520729461767,1.231020944836032,1.181787773663175,1.2453391906287439
16392.2173,1.3743397111559212,1.215929473673617,1.1643843638891953,1.2311643273478112
16402.2247,1.358171390499627,1.200977213469195,1.1471800521913997,1.2171152689032374
16412.2322,1.342057330993705,1.1861505817881968,1.130169054550591,1.2031810453153367
16422.2396,1.3260150047502257,1.1714393770413043,1.1133279043204358,1.1893049982766977
16432.2471,1.3100372001377243,1.156810997832357,1.0966363529857397,1.1754346733094057
16442.2546,1.29409130221575,1.1422172907586414,1.0800863545959953,1.161553686696596
16452.262,1.2781301067752788,1.127636503695413,1.0636689567681064,1.1476714719770869
16462.2695,1.2620770903112075,1.1130167001891427,1.0473404493940306,1.1337690542435905
16472.2769,1.2458401032429884,1.0982616708883606,1.030994073407708,1.119787515844911
16482.2844,1.2293301385112794,1.0832932289116801,1.0145228522945369,1.105642870029495
16492.2919,1.2124378177539283,1.0680085718590269,0.997827357535926,1.091217537629609
16522.3142,1.1954969507501583,1.052662971783847,0.9811712998360367,1.0767837287201074
16532.3217,1.1792509203190922,1.0379459765153758,0.9652168932830563,1.0629853207313578
16542.3292,1.1639776320382014,1.0241344133795485,0.9502208430755086,1.0500531726419084
16552.3366,1.1495443997250305,1.0110868431094866,0.9360363670425561,1.0378450469009857
16562.3441,1.1358190757126339,0.9987206187560376,0.9225498502751484,1.0262545173770468
16572.3515,1.1226996843768469,0.9869522963530213,0.9096806774315381,1.0152272274920264
16582.359,1.1101570636694134,0.9757023295852886,0.8973675078695869,1.0047227506976317
16592.3664,1.0981520745499573,0.9649236447162903,0.8855550223663429,0.9946702639809903
16602.3739,1.0865941162678272,0.9545635864331543,0.8741839176971211,0.9850083546037579
16612.3814,1.0754199421858572,0.9445851954805652,0.8632123958332921,0.9756961977276766
16622.3888,1.0646034422045931,0.9349565243758687,0.8526044634550022,0.9666938733620366
16632.3963,1.0541102864309966,0.9256465855225559,0.842312433476482,0.9579899067596511
16642.4037,1.0439294226136537,0.9166550806897045,0.832332096212846,0.9495915003842904
16652.4112,1.0340814243373757,0.9079839904046196,0.822693165130285,0.9415008462209488
16662.4187,1.0245969455727812,0.8996454288538498,0.8133948265215524,0.9337151756206626
16672.4261,1.0155044356254284,0.891658405622807,0.8044266326921662,0.9262243761660932
16682.4336,1.0067959702788782,0.8840147977241297,0.7958023243036715,0.9190253597751178
16692.441,0.9984456602989779,0.8767092616796706,0.7875329053171819,0.9121456479145603
16702.4485,0.9904528061612675,0.8697483359416861,0.7796160128325235,0.9056336444320184
16712.4559,0.9828431487437275,0.8631467824121871,0.7720606792042933,0.8994984533226635
16722.4634,0.9756514014285327,0.8569340798390811,0.7648813430683554,0.893729842112569
16732.4709,0.9689163926126106,0.8511475758958702,0.7581073393416652,0.8883664936641703
16742.4783,0.9627009042808415,0.845859089424199,0.7517913353203675,0.8834573459944974
16752.4858,0.9570942138066918,0.8411448386686587,0.7459957620523533,0.8790574194184212
16762.4932,0.9522011062570424,0.837086506430704,0.7408042317942926,0.8752696055368239
16772.5007,0.9481647773277184,0.8338212241463028,0.7363218324652591,0.8722026034968795
16782.5082,0.9451831184718368,0.8315156485670872,0.732692776106211,0.869984857124016
16792.5156,0.9435004113637676,0.8303911938047484,0.7301157562641762,0.868843251912474
16802.5231,0.9434259987169603,0.830752822139654,0.7288255578687692,0.8690757149191688
16812.5305,0.9453685169217537,0.8329681715274313,0.7291301460673931,0.8709945731491988
16822.538,0.9498377652369339,0.8374850483941696,0.7314386300152967,0.8749959337712372
16832.5455,0.9574750904386332,0.8449007945993541,0.7362504703037496,0.8816373070556226
16842.5529,0.9691386733025407,0.856007678824289,0.7442115106647561,0.8916360663697038
16852.5604,0.9859470302055665,0.8718112099417415,0.756185917763129,0.9059179412465455
16862.5678,1.0093247929821718,0.8936033465817262,0.7732904068723524,0.925694869063837
16872.5753,1.0410784559710142,0.9230262041207585,0.7969558428711128,0.9524779959645844
16882.5827,1.082906842860408,0.9616813824465293,0.8288471796586274,0.9876886102524164
16892.5902,1.135174468520866,1.010059724903483,0.8700539574186744,1.0316656957585173
16902.5977,1.1963757395151122,1.0669801049538767,0.9200742354328921,1.0831674910599303
16912.6051,1.2639155084240854,1.1302132457031941,0.9769380973526004,1.139987876793636
16922.6126,1.3350136470430305,1.1972773308120632,1.0381190356932013,1.1996970199768477
16932.62,1.4071340232089051,1.2658680139063823,1.1011735617198934,1.2600075951221823
16942.6275,1.4781744922162168,1.3340210378204946,1.1639317134402645,1.3190036837358725
16952.635,1.5464811226872999,1.400114167444314,1.2246104476970456,1.3752276702726103
16962.6424,1.6107955897872497,1.462891909767072,1.2819069276925321,1.4276249858152839
16972.6499,1.670187665276785,1.5214098121547173,1.3348981668868483,1.4755112222450333
16982.6573,1.7240575321436764,1.5750286282191879,1.3829773560970673,1.5185311959893844
16992.6648,1.772167664986581,1.6234372155785688,1.4258350051209578,1.55654520339328
17002.6722,1.8145238352061543,1.666534000927933,1.4633797913162463,1.589579381774998
17012.6797,1.8512633523869158,1.7043572873576815,1.4956674311629743,1.6178006967314733
17022.6872,1.8826346912799417,1.7370526336782688,1.5228638322836552,1.64147592162966
17032.6946,1.9089593845651318,1.764819529305826,1.5452265961034746,1.660909633654177
17042.7021,1.930538310825742,1.7879047448333139,1.5630882847622296,1.6764101790920496
17052.7095,1.9476543998272016,1.806635447204235,1.5768256094593085,1.6883167965866883
17062.717,1.9606584976838184,1.821377218523087,1.586809307090006,1.6969767312494601
17072.7245,1.969918602967089,1.8324542656287417,1.5933632301721758,1.7026922606263328
17082.7319,1.9758109546283404,1.8401434219047201,1.5967796722815424,1.7057174383447717
17092.7394,1.9787032589394442,1.8447192174509601,1.5973281200554685,1.7063102977711953
17102.7468,1.9788686966318874,1.8464584440546337,1.595277557944016,1.7047164224301423
17112.7543,1.9765341336095712,1.845597465175572,1.5909231125911711,1.701141695603119
17122.7618,1.9719396960128452,1.8423617494675897,1.5845175257427535,1.6957844931266526
17132.7692,1.9653172284042477,1.8370001712754964,1.5762560576344233,1.6888403660758098
17142.7767,1.9568406823372386,1.8297299466042232,1.5663207216965445,1.6805167239887868
17152.7841,1.9466935325526795,1.8207757092222239,1.5549131432614165,1.6710407687142794
17162.7916,1.9351476445441342,1.8103797837726507,1.542256277824754,1.660589582933223
17172.799,1.9224437267337782,1.7986848386209675,1.5285426809326945,1.649253219408893
17182.8065,1.9087281919259416,1.7858024540994675,1.5139224428248155,1.6371071341429362
17192.814,1.8941205867947308,1.7719262156846411,1.4985258933836672,1.6242425995632233
17202.8214,1.8787013542992097,1.7572261163814709,1.4824724751891234,1.6108006473842387
17212.8289,1.8625221310689504,1.7417906709082427,1.4658485077071255,1.5969462740056681
17222.8363,1.8456938060088894,1.7256992596727863,1.4487365919224615,1.5827165218468409
17232.8438,1.8283115937248324,1.7090382730104412,1.4312229915615724,1.568093278496409
17242.8513,1.8104317380541592,1.6918913974849772,1.4133752909255852,1.5531333908526128
17252.8587,1.7921451010347365,1.67434640438967,1.3952653287438195,1.537915369388946
17262.8662,1.7735251971677148,1.656502947368607,1.3769718613117607,1.5224978497334587
17272.8736,1.7546268999145345,1.6384461782131627,1.3585727957078177,1.5069408176540895
17282.8811,1.7355022184788336,1.6202042374184804,1.3401237323501012,1.4913076470905788
17292.8886,1.7162075124241176,1.6018125673960197,1.3216472129583479,1.4756422095001125
17302.896,1.6967913349697368,1.5833534167722005,1.3031833491214417,1.4599555859483737
17312.9035,1.6772866812186031,1.5648779796104362,1.2847866847928462,1.444241634027116
17322.9109,1.6577301022764304,1.546415708019993,1.2664982912147018,1.4285262739525522
17332.9184,1.6381900169767218,1.5280664722706843,1.248354905039098,1.412865447682987
17342.9258,1.6187363497578684,1.5099327705535943,1.2303779145821674,1.397279156157747
17352.9333,1.5993783411156142,1.4920021096524294,1.2125803168099667,1.381769667061814
17362.9408,1.5801119979031983,1.4742219992001644,1.194975268822333,1.3663577149445552
17372.9482,1.56094715247771,1.4565918174113928,1.177564254565822,1.3510648037594941
17382.9557,1.5419138707764848,1.4391396028539054,1.1603319415170392,1.3358971632341476
17392.9631,1.5230489292470342,1.421923948449714,1.143299017961055,1.3208747359005317
17402.9706,1.5043505538168895,1.404975072450469,1.1265100031971182,1.3060250900883623
17412.9781,1.485822155301241,1.3882634600843882,1.109992434919032,1.2913443993630664
17422.9855,1.4675126269164727,1.3717993584266077,1.0937793283705604,1.2768270551249974
17432.993,1.449462612193081,1.355612909296788,1.0778836357481734,1.2624685121684331
17443.0004,1.4316691257647929,1.339688955090507,1.062292750880245,1.2482801485639814
17453.0079,1.414125162360151,1.3240284917823528,1.046998031512761,1.2343080164742133
17463.0153,1.3968351517264617,1.308649437937035,1.031996548887359,1.220593100223051
17473.0228,1.3798018494418605,1.2935410182219487,1.0172873170741208,1.2071457693994916
17483.0303,1.3630435617591026,1.2787037286192344,1.0028771594965544,1.193958806496855
17493.0377,1.346612144067087,1.2641507668446352,0.9887836215947678,1.181029943404163
17503.0452,1.330518023409924,1.2498773487818269,0.9749969807409972,1.1683496549999701
17513.0526,1.3147410860412136,1.2358684070297874,0.9615055413665732,1.1559032023020748
17523.0601,1.2993081611663504,1.2221224549003014,0.948341378711689,1.1436966243671869
17533.0676,1.2842496791864824,1.2086717403902394,0.9355282748216278,1.1317584724151113
17543.075,1.2695763706600445,1.1955421699784932,0.923051564725431,1.1201081254864862
17553.0825,1.2552772606493732,1.182720718944107,0.91089548642595,1.108751814641386
17563.0899,1.2413363045136756,1.1701955077125175,0.899051676769093,1.0977042926212737
17573.0974,1.2277653879290993,1.157987207363242,0.8875090838951687,1.086962246401261
17583.1049,1.2145758092196428,1.1461037627449029,0.8762670591662168,1.0764955564217218
17593.1123,1.201758254437605,1.1345248989850576,0.8653143513165767,1.0662871292696947
17603.1198,1.189281938234481,1.1232468910905058,0.8546155768287714,1.0563516157423964
17613.1272,1.1771185539480262,1.1122650916660966,0.8441657605971313,1.0467112186283059
17623.1347,1.165270155516971,1.1015804014650006,0.8339774082508499,1.037356612623364
17633.1421,1.1537369368840547,1.0912035838984107,0.8240448371855706,1.028261560346507
17643.1496,1.142515890977505,1.0811323679205784,0.8143749074350806,1.0194247595912402
17653.1571,1.1316000502499493,1.0713725574241122,0.8049797471287061,1.0108520696886483
17663.1645,1.1209884830198769,1.0619264668901158,0.7958571188080411,1.0025421588212144
17673.172,1.11070209445122,1.052768494707526,0.7870051708443635,0.9944785145476466
17683.1794,1.100739631359203,1.0438863948546464,0.7784158496928132,0.9866504340175053
17693.1869,1.0910769230515336,1.0352949422879028,0.7700737072856496,0.9790811899553922
17703.1944,1.081701373624202,1.027001829202157,0.7619810505176418,0.9717821363000543
17713.2018,1.0726079147100163,1.018975505028772,0.7541336020604268,0.9647291034379961
17723.2093,1.0637712853863397,1.011183198062223,0.7465157280550143,0.9578777172621513
17733.2167,1.0551843185222862,1.0036391798297752,0.7391273331358856,0.9512139916766951
17743.2242,1.0468742310238661,0.99635193738399,0.7319757570909005,0.94479747538659
17753.2316,1.0388336747122373,0.9893046354252221,0.72505664270848,0.9386586917313753
17763.2391,1.0310219171445185,0.9824803915801378,0.7183541361322194,0.9327467486389199
17773.2466,1.0234454496821261,0.9758965335045886,0.7118597617215869,0.9270238256475407
17783.254,1.0161463943268303,0.9695927505240732,0.7055808519122831,0.9215019298190474
17793.2615,1.009130702652144,0.9635574060535776,0.6995365853796813,0.9162026081738796
17803.2689,1.0023857897233097,0.9577782414639837,0.6937316042730097,0.9111136526491198
17813.2764,0.9959135061929949,0.952286657612634,0.6881548403772717,0.9062229166706154
17823.2839,0.9897185517706585,0.9470811732414176,0.6828032029358093,0.9015509231109372
17833.2913,0.9838047727874659,0.9421421002856629,0.6776880330248958,0.8971173906379845
17843.2988,0.9781890003622682,0.9374869312641977,0.6728270510675639,0.8929430329863163
17853.3062,0.9728982035290072,0.9331438268486331,0.6682415401654331,0.889043979577536
17863.3137,0.9679714413915745,0.9291327500578288,0.6639561477215131,0.8854325038949938
