Time::Relative Time!!R,Markers::Markers,Channel1_R1_Area::EGFP_R1_Area!!R,Channel1_R1_IntensityMean::EGFP_R1_IntensityMean!!R,Channel1_R1_IntensitySum1::EGFP_R1_IntensitySum1!!R,Channel1_R1_IntensityMaximum::EGFP_R1_IntensityMaximum!!R,Channel1_R2_Area::EGFP_R2_Area!!R,Channel1_R2_IntensityMean::EGFP_R2_IntensityMean!!R,Channel1_R2_IntensitySum1::EGFP_R2_IntensitySum1!!R,Channel1_R2_IntensityMaximum::EGFP_R2_IntensityMaximum!!R
Ms,,,,,,,,,
12489.3084,,53883.96,581.7001631,0,0,26553.28,628.2174134,0,0
12499.3159,,53883.96,603.4340735,0,0,26553.28,660.4406823,0,0
12509.3233,,53883.96,628.9499435,0,0,26553.28,696.0302953,0,0
12519.3308,,53883.96,650.2571823,0,0,26553.28,726.8839104,0,0
12529.3382,,53883.96,674.5166228,0,0,26553.28,760.0514257,0,0
12539.3457,,53883.96,692.323046,0,0,26553.28,787.0791752,0,0
12549.3532,,53883.96,711.920838,0,0,26553.28,815.878055,0,0
12559.3606,,53883.96,725.889098,0,0,26553.28,835.9348269,0,0
12569.3681,,53883.96,742.7981433,0,0,26553.28,862.1186354,0,0
12579.3755,,53883.96,753.1943294,0,0,26553.28,876.7612016,0,0
12589.383,,53883.96,766.9793,0,0,26553.28,899.2059572,0,0
12599.3904,,53883.96,775.1426421,0,0,26553.28,910.436609,0,0
12609.3979,,53883.96,786.2993351,0,0,26553.28,927.401222,0,0
12619.4054,,53883.96,792.2280768,0,0,26553.28,933.8953666,0,0
12629.4128,,53883.96,800.6775812,0,0,26553.28,948.8742363,0,0
12639.4203,,53883.96,804.7234977,0,0,26553.28,954.1209267,0,0
12649.4277,,53883.96,813.7985196,0,0,26553.28,966.560336,0,0
12659.4352,,53883.96,815.1137875,0,0,26553.28,968.7892057,0,0
12669.4427,,53883.96,820.5898883,0,0,26553.28,978.496945,0,0
12679.4501,,53883.96,822.2381132,0,0,26553.28,978.4722505,0,0
12689.4576,,53883.96,826.7147158,0,0,26553.28,986.4343177,0,0
12699.465,,53883.96,827.2796387,0,0,26553.28,986.0689919,0,0
12709.4725,,53883.96,830.7130849,0,0,26553.28,992.3261202,0,0
12719.4799,,53883.96,830.7799523,0,0,26553.28,990.3709267,0,0
12729.4874,,53883.96,833.4636808,0,0,26553.28,995.4228615,0,0
12739.4949,,53883.96,831.1363693,0,0,26553.28,991.2130855,0,0
12749.5023,,53883.96,833.6221302,0,0,26553.28,995.0824847,0,0
12759.5098,,53883.96,831.6583867,0,0,26553.28,992.1860998,0,0
12769.5172,,53883.96,832.3749843,0,0,26553.28,993.0282587,0,0
12779.5247,,53883.96,830.4630536,0,0,26553.28,990.2278513,0,0
12789.5322,,53883.96,830.0091582,0,0,26553.28,990.1053971,0,0
12799.5396,,53883.96,828.4236608,0,0,26553.28,986.0481161,0,0
12809.5471,,53883.96,826.9401581,0,0,26553.28,983.7752037,0,0
12819.5545,,53883.96,824.1884331,0,0,26553.28,978.3869654,0,0
12829.562,,53883.96,821.4619245,0,0,26553.28,976.3464868,0,0
12839.5695,,53883.96,819.9296199,0,0,26553.28,971.4564664,0,0
12849.5769,,53883.96,815.7914942,0,0,26553.28,967.9467923,0,0
12859.5844,,53883.96,812.4600427,0,0,26553.28,961.3635438,0,0
12869.5918,,53883.96,809.0184419,0,0,26553.28,956.967668,0,0
12879.5993,,53883.96,805.7995233,0,0,26553.28,950.2477088,0,0
12889.6067,,53883.96,801.318906,0,0,26553.28,946.075611,0,0
12899.6142,,53883.96,797.49379,0,0,26553.28,938.1272912,0,0
12909.6217,,53883.96,792.1514239,0,0,26553.28,930.7253055,0,0
12919.6291,,53883.96,789.2412495,0,0,26553.28,924.9457739,0,0
12929.6366,,53883.96,782.1440221,0,0,26553.28,917.4378819,0,0
12939.644,,53883.96,779.7893614,0,0,26553.28,911.1616599,0,0
12949.6515,,53883.96,773.704554,0,0,26553.28,903.2242872,0,0
12959.659,,53883.96,770.2936896,0,0,26553.28,896.4758147,0,0
12969.6664,,53883.96,763.2440095,0,0,26553.28,888.8368126,0,0
12979.6739,,53883.96,760.805796,0,0,26553.28,882.651222,0,0
12989.6813,,53883.96,754.0587128,0,0,26553.28,873.7153768,0,0
12999.6888,,53883.96,750.7256304,0,0,26553.28,867.9004582,0,0
13009.6962,,53883.96,743.0817965,0,0,26553.28,859.8370672,0,0
13019.7037,,53883.96,740.5763392,0,0,26553.28,853.6537678,0,0
13029.7112,,53883.96,733.8178397,0,0,26553.28,845.1962831,0,0
13039.7186,,53883.96,731.244135,0,0,26553.28,839.2227597,0,0
13049.7261,,53883.96,724.1820349,0,0,26553.28,831.316446,0,0
13059.7335,,53883.96,721.7361686,0,0,26553.28,824.8413951,0,0
13069.741,,53883.96,714.6197466,0,0,26553.28,815.6789715,0,0
13079.7485,,53883.96,712.3276879,0,0,26553.28,812.5050916,0,0
13089.7559,,53883.96,705.4057207,0,0,26553.28,804.1354379,0,0
13099.7634,,53883.96,703.9760381,0,0,26553.28,799.63722,0,0
13109.7708,,53883.96,696.9918454,0,0,26553.28,789.7683299,0,0
13119.7783,,53883.96,695.0263455,0,0,26553.28,787.6545316,0,0
13129.7858,,53883.96,687.8190942,0,0,26553.28,777.4432281,0,0
13139.7932,,53883.96,685.7500941,0,0,26553.28,773.614053,0,0
13149.8007,,53883.96,680.3693389,0,0,26553.28,765.9549389,0,0
13159.8081,,53883.96,677.8906034,0,0,26553.28,761.9350815,0,0
13169.8156,,53883.96,672.2351022,0,0,26553.28,754.0906314,0,0
13179.823,,53883.96,670.7631414,0,0,26553.28,751.5570265,0,0
13189.8305,,53883.96,664.6716849,0,0,26553.28,742.9360998,0,0
13199.838,,53883.96,662.7804541,0,0,26553.28,741.1588595,0,0
13209.8454,,53883.96,657.7744323,0,0,26553.28,733.6423116,0,0
13219.8529,,53883.96,656.1487894,0,0,26553.28,730.4368635,0,0
13229.8603,,53883.96,650.9375235,0,0,26553.28,722.8989308,0,0
13239.8678,,53883.96,649.2521641,0,0,26553.28,721.4849796,0,0
13249.8753,,53883.96,645.077782,0,0,26553.28,714.4450102,0,0
13259.8827,,53883.96,643.1851712,0,0,26553.28,712.6173625,0,0
13269.8902,,53883.96,638.2426295,0,0,26553.28,705.5300407,0,0
13279.8976,,53883.96,636.9458035,0,0,26553.28,703.5715377,0,0
13289.9051,,53883.96,633.144273,0,0,26553.28,697.3271385,0,0
13299.9126,,53883.96,631.1303475,0,0,26553.28,695.9093686,0,0
13309.92,,53883.96,627.6015556,0,0,26553.28,690.1239817,0,0
13319.9275,,53883.96,626.0164346,0,0,26553.28,688.1094705,0,0
13329.9349,,53883.96,621.9968636,0,0,26553.28,682.6782077,0,0
13339.9424,,53883.96,620.3268097,0,0,26553.28,681.00611,0,0
13349.9498,,53883.96,617.7070631,0,0,26553.28,675.7372709,0,0
13359.9573,,53883.96,615.8050433,0,0,26553.28,673.4406823,0,0
13369.9648,,53883.96,612.9553381,0,0,26553.28,669.6288187,0,0
13379.9722,,53883.96,610.8318906,0,0,26553.28,667.9086049,0,0
13389.9797,,53883.96,608.7079413,0,0,26553.28,664.1649695,0,0
13399.9871,,53883.96,606.8084306,0,0,26553.28,661.2245418,0,0
13409.9946,,53883.96,604.5202609,0,0,26553.28,658.4826884,0,0
13420.0021,,53883.96,602.7992724,0,0,26553.28,656.1242363,0,0
13430.0095,,53883.96,601.077782,0,0,26553.28,652.9032587,0,0
13440.017,,53883.96,598.8677707,0,0,26553.28,650.8029532,0,0
13450.0244,,53883.96,597.1518003,0,0,26553.28,647.7365071,0,0
13460.0319,,53883.96,595.2337222,0,0,26553.28,645.569501,0,0
13470.0393,,53883.96,594.8690252,0,0,26553.28,644.9653768,0,0
13480.0468,,53883.96,600.4806172,0,0,26553.28,656.4837067,0,0
13490.0543,,53883.96,614.0225819,0,0,26553.28,676.0967413,0,0
13500.0617,,53883.96,628.2221804,0,0,26553.28,697.7141039,0,0
13510.0692,,53883.96,646.2171622,0,0,26553.28,721.6033605,0,0
13520.0766,,53883.96,660.7347886,0,0,26553.28,744.9956721,0,0
13530.0841,,53883.96,677.9425417,0,0,26553.28,767.4816701,0,0
13540.0916,,53883.96,691.1460294,0,0,26553.28,789.7113035,0,0
13550.099,,53883.96,707.7347886,0,0,26553.28,811.4106415,0,0
13560.1065,,53883.96,718.8448124,0,0,26553.28,828.1227088,0,0
13570.1139,,53883.96,732.5859992,0,0,26553.28,847.7148676,0,0
13580.1214,,53883.96,740.8025342,0,0,26553.28,861.8088086,0,0
13590.1289,,53883.96,752.8628779,0,0,26553.28,878.1227088,0,0
13600.1363,,53883.96,759.0106637,0,0,26553.28,889.3925662,0,0
13610.1438,,53883.96,769.6054447,0,0,26553.28,903.4781059,0,0
13620.1512,,53883.96,774.1411366,0,0,26553.28,912.4271894,0,0
13630.1587,,53883.96,783.7815832,0,0,26553.28,923.8956212,0,0
13640.1661,,53883.96,786.6650358,0,0,26553.28,929.194501,0,0
13650.1736,,53883.96,794.251035,0,0,26553.28,941.8105906,0,0
13660.1811,,53883.96,795.97516,0,0,26553.28,943.9411914,0,0
13670.1885,,53883.96,802.5844938,0,0,26553.28,952.759165,0,0
13680.196,,53883.96,803.9343872,0,0,26553.28,955.5440428,0,0
13690.2034,,53883.96,809.52139,0,0,26553.28,964.5458248,0,0
13700.2109,,53883.96,809.6489775,0,0,26553.28,963.7612016,0,0
13710.2184,,53883.96,814.4042153,0,0,26553.28,970.6069246,0,0
13720.2258,,53883.96,813.1990967,0,0,26553.28,968.398167,0,0
13730.2333,,53883.96,818.0341237,0,0,26553.28,976.2619654,0,0
13740.2407,,53883.96,815.2520386,0,0,26553.28,971.8154277,0,0
13750.2482,,53883.96,819.4851336,0,0,26553.28,977.9577393,0,0
13760.2556,,53883.96,816.8029106,0,0,26553.28,974.3444501,0,0
13770.2631,,53883.96,819.646343,0,0,26553.28,979.2156314,0,0
13780.2706,,53883.96,816.9920963,0,0,26553.28,973.7940428,0,0
13790.278,,53883.96,818.8499561,0,0,26553.28,978.0351324,0,0
13800.2855,,53883.96,815.0431564,0,0,26553.28,972.2283605,0,0
13810.2929,,53883.96,815.6966504,0,0,26553.28,974.8607434,0,0
13820.3004,,53883.96,812.5415883,0,0,26553.28,968.1132892,0,0
13830.3079,,53883.96,812.7182286,0,0,26553.28,969.4704684,0,0
13840.3153,,53883.96,808.5790992,0,0,26553.28,961.4327902,0,0
13850.3228,,53883.96,807.051311,0,0,26553.28,962.3541242,0,0
13860.3302,,53883.96,803.3542843,0,0,26553.28,954.2543279,0,0
13870.3377,,53883.96,800.9654999,0,0,26553.28,953.9111507,0,0
13880.3452,,53883.96,795.9697654,0,0,26553.28,945.8169552,0,0
13890.3526,,53883.96,794.1868022,0,0,26553.28,943.9378819,0,0
13900.3601,,53883.96,789.190064,0,0,26553.28,934.4078411,0,0
13910.3675,,53883.96,785.9115544,0,0,26553.28,931.5068737,0,0
13920.375,,53883.96,781.192824,0,0,26553.28,921.3681263,0,0
13930.3824,,53883.96,776.7918705,0,0,26553.28,918.5710285,0,0
13940.3899,,53883.96,771.9747836,0,0,26553.28,910.5631365,0,0
13950.3974,,53883.96,768.7322795,0,0,26553.28,906.5134929,0,0
13960.4048,,53883.96,763.4971773,0,0,26553.28,897.6023422,0,0
13970.4123,,53883.96,758.6448375,0,0,26553.28,892.3110998,0,0
13980.4197,,53883.96,754.2517877,0,0,26553.28,883.86889,0,0
13990.4272,,53883.96,748.2734914,0,0,26553.28,877.5575356,0,0
14000.4347,,53883.96,744.303726,0,0,26553.28,869.5056008,0,0
14010.4421,,53883.96,739.0697529,0,0,26553.28,863.8879837,0,0
14020.4496,,53883.96,734.7657759,0,0,26553.28,855.5277495,0,0
14030.457,,53883.96,729.324677,0,0,26553.28,850.1107434,0,0
14040.4645,,53883.96,725.3635679,0,0,26553.28,843.8500509,0,0
14050.4719,,53883.96,720.2463932,0,0,26553.28,836.4434827,0,0
14060.4794,,53883.96,716.1267093,0,0,26553.28,829.7219959,0,0
14070.4869,,53883.96,710.454899,0,0,26553.28,823.7087576,0,0
14080.4943,,53883.96,707.6006775,0,0,26553.28,817.2349796,0,0
14090.5018,,53883.96,701.3177769,0,0,26553.28,810.1891548,0,0
14100.5092,,53883.96,698.6361812,0,0,26553.28,804.2581466,0,0
14110.5167,,53883.96,693.0584619,0,0,26553.28,797.5488798,0,0
14120.5242,,53883.96,690.6647848,0,0,26553.28,792.651222,0,0
14130.5316,,53883.96,682.9490654,0,0,26553.28,784.7204684,0,0
14140.5391,,53883.96,680.7349141,0,0,26553.28,779.8149185,0,0
14150.5465,,53883.96,675.2318404,0,0,26553.28,772.7578921,0,0
14160.554,,53883.96,673.1348639,0,0,26553.28,769.1028513,0,0
14170.5615,,53883.96,667.4378372,0,0,26553.28,760.5618635,0,0
14180.5689,,53883.96,665.7802032,0,0,26553.28,757.7655295,0,0
14190.5764,,53883.96,660.2969514,0,0,26553.28,751.3566701,0,0
14200.5838,,53883.96,658.4143771,0,0,26553.28,748.4246436,0,0
14210.5913,,53883.96,653.1834149,0,0,26553.28,741.5873218,0,0
14220.5987,,53883.96,651.7163468,0,0,26553.28,738.8765275,0,0
14230.6062,,53883.96,646.3174006,0,0,26553.28,731.0038187,0,0
14240.6137,,53883.96,645.2553005,0,0,26553.28,729.4778513,0,0
14250.6211,,53883.96,640.8331452,0,0,26553.28,722.3251018,0,0
14260.6286,,53883.96,638.682474,0,0,26553.28,720.3645621,0,0
14270.636,,53883.96,634.758625,0,0,26553.28,713.6667515,0,0
14280.6435,,53883.96,633.2916823,0,0,26553.28,712.5358961,0,0
14290.651,,53883.96,628.4959227,0,0,26553.28,706.3834012,0,0
14300.6584,,53883.96,627.6582612,0,0,26553.28,704.8721996,0,0
14310.6659,,53883.96,623.5442228,0,0,26553.28,698.6509674,0,0
14320.6733,,53883.96,622.51449,0,0,26553.28,697.7790224,0,0
14330.6808,,53883.96,618.4368335,0,0,26553.28,690.8184827,0,0
14340.6882,,53883.96,617.2936896,0,0,26553.28,689.7189409,0,0
14350.6957,,53883.96,613.6946431,0,0,26553.28,685.1153259,0,0
14360.7032,,53883.96,612.5442228,0,0,26553.28,683.7703666,0,0
14370.7106,,53883.96,609.5486137,0,0,26553.28,679.4124236,0,0
14380.7181,,53883.96,608.3561661,0,0,26553.28,678.3251018,0,0
14390.7255,,53883.96,605.4797391,0,0,26553.28,672.7342159,0,0
14400.733,,53883.96,603.9045289,0,0,26553.28,672.0644094,0,0
14410.7405,,53883.96,601.6221302,0,0,26553.28,668.2403259,0,0
14420.7479,,53883.96,600.7433195,0,0,26553.28,666.6479124,0,0
14430.7554,,53883.96,597.7791996,0,0,26553.28,662.8862016,0,0
14440.7628,,53883.96,596.6467194,0,0,26553.28,662.2354888,0,0
14450.7703,,53883.96,594.3248024,0,0,26553.28,657.6855906,0,0
14460.7778,,53883.96,593.4540208,0,0,26553.28,657.1059063,0,0
14470.7852,,53883.96,591.7198595,0,0,26553.28,656.5425153,0,0
14480.7927,,53883.96,600.3413624,0,0,26553.28,671.628055,0,0
14490.8001,,53883.96,613.7206122,0,0,26553.28,690.8520876,0,0
14500.8076,,53883.96,631.6307866,0,0,26553.28,717.8169552,0,0
14510.815,,53883.96,650.0634801,0,0,26553.28,743.1438391,0,0
14520.8225,,53883.96,667.819596,0,0,26553.28,769.3322301,0,0
14530.83,,53883.96,684.9850709,0,0,26553.28,793.9691955,0,0
14540.8374,,53883.96,701.1964622,0,0,26553.28,818.6066701,0,0
14550.8449,,53883.96,716.4739681,0,0,26553.28,838.8867108,0,0
14560.8523,,53883.96,728.9136871,0,0,26553.28,859.0947047,0,0
14570.8598,,53883.96,741.2302095,0,0,26553.28,876.5532077,0,0
14580.8673,,53883.96,751.6667921,0,0,26553.28,893.1496945,0,0
14590.8747,,53883.96,762.7454523,0,0,26553.28,906.078666,0,0
14600.8822,,53883.96,770.0343746,0,0,26553.28,920.0822301,0,0
14610.8896,,53883.96,778.6262702,0,0,26553.28,930.3553971,0,0
14620.8971,,53883.96,785.3210388,0,0,26553.28,942.7046843,0,0
14630.9046,,53883.96,792.1849203,0,0,26553.28,952.2629837,0,0
14640.912,,53883.96,796.6300339,0,0,26553.28,959.6937373,0,0
14650.9195,,53883.96,803.4068498,0,0,26553.28,966.9742872,0,0
14660.9269,,53883.96,806.2539205,0,0,26553.28,971.3505601,0,0
14670.9344,,53883.96,811.2687241,0,0,26553.28,979.4271894,0,0
14680.9418,,53883.96,812.8839543,0,0,26553.28,981.151222,0,0
14690.9493,,53883.96,817.556141,0,0,26553.28,987.3383401,0,0
14700.9568,,53883.96,817.3707189,0,0,26553.28,987.9778513,0,0
14710.9642,,53883.96,821.4250408,0,0,26553.28,992.6690428,0,0
14720.9717,,53883.96,820.2670932,0,0,26553.28,991.1229633,0,0
14730.9791,,53883.96,823.8971271,0,0,26553.28,995.2107943,0,0
14740.9866,,53883.96,822.1457784,0,0,26553.28,993.180499,0,0
14750.9941,,53883.96,824.968009,0,0,26553.28,996.5173116,0,0
14761.0015,,53883.96,821.4078535,0,0,26553.28,992.4282077,0,0
14771.009,,53883.96,824.3975662,0,0,26553.28,993.1748982,0,0
14781.0164,,53883.96,820.3057333,0,0,26553.28,989.5903768,0,0
14791.0239,,53883.96,822.5067118,0,0,26553.28,990.0073829,0,0
14801.0313,,53883.96,817.0213273,0,0,26553.28,983.5320774,0,0
14811.0388,,53883.96,819.0845565,0,0,26553.28,985.0229124,0,0
14821.0463,,53883.96,814.7694141,0,0,26553.28,976.9595214,0,0
14831.0537,,53883.96,814.2709823,0,0,26553.28,978.0022912,0,0
14841.0612,,53883.96,809.1481621,0,0,26553.28,969.2431263,0,0
14851.0686,,53883.96,808.5162464,0,0,26553.28,967.9913442,0,0
14861.0761,,53883.96,802.3077406,0,0,26553.28,957.064664,0,0
14871.0836,,53883.96,801.2142768,0,0,26553.28,956.7219959,0,0
14881.091,,53883.96,795.3254297,0,0,26553.28,946.3788187,0,0
14891.0985,,53883.96,794.1046293,0,0,26553.28,944.5949593,0,0
14901.1059,,53883.96,787.6285284,0,0,26553.28,934.339613,0,0
14911.1134,,53883.96,785.1982185,0,0,26553.28,931.467668,0,0
14921.1209,,53883.96,777.9967382,0,0,26553.28,920.3783096,0,0
14931.1283,,53883.96,775.804416,0,0,26553.28,917.5549898,0,0
14941.1358,,53883.96,768.8878434,0,0,26553.28,906.7645112,0,0
14951.1432,,53883.96,766.2835278,0,0,26553.28,902.871945,0,0
14961.1507,,53883.96,759.174884,0,0,26553.28,892.1563136,0,0
14971.1581,,53883.96,756.2266968,0,0,26553.28,888.1746436,0,0
14981.1656,,53883.96,750.1250784,0,0,26553.28,878.3228106,0,0
14991.1731,,53883.96,745.8323924,0,0,26553.28,874.9376273,0,0
15001.1805,,53883.96,740.2313386,0,0,26553.28,863.8118635,0,0
15011.188,,53883.96,736.6133484,0,0,26553.28,859.0048371,0,0
15021.1954,,53883.96,730.2023585,0,0,26553.28,849.6738798,0,0
15031.2029,,53883.96,725.7662778,0,0,26553.28,844.9050407,0,0
15041.2104,,53883.96,720.5044536,0,0,26553.28,835.482943,0,0
15051.2178,,53883.96,716.3670807,0,0,26553.28,832.6181263,0,0
15061.2253,,53883.96,711.667043,0,0,26553.28,823.5084012,0,0
15071.2327,,53883.96,707.1778949,0,0,26553.28,817.453666,0,0
15081.2402,,53883.96,702.0969765,0,0,26553.28,810.0748473,0,0
15091.2476,,53883.96,698.9074144,0,0,26553.28,805.4432281,0,0
15101.2551,,53883.96,693.9325053,0,0,26553.28,796.1349287,0,0
15111.2626,,53883.96,689.5511228,0,0,26553.28,790.6137984,0,0
15121.27,,53883.96,685.3604316,0,0,26553.28,784.7787678,0,0
15131.2775,,53883.96,681.3761134,0,0,26553.28,780.9070774,0,0
15141.2849,,53883.96,677.427299,0,0,26553.28,774.6278004,0,0
15151.2924,,53883.96,673.0848074,0,0,26553.28,768.1013238,0,0
15161.2999,,53883.96,669.2174131,0,0,26553.28,763.2795316,0,0
15171.3073,,53883.96,665.5833647,0,0,26553.28,757.5015275,0,0
15181.3148,,53883.96,662.2817714,0,0,26553.28,752.020112,0,0
15191.3222,,53883.96,657.9978673,0,0,26553.28,746.4009674,0,0
15201.3297,,53883.96,655.8997616,0,0,26553.28,742.058554,0,0
15211.3372,,53883.96,650.9553381,0,0,26553.28,737.4679226,0,0
15221.3446,,53883.96,648.7221177,0,0,26553.28,732.8668534,0,0
15231.3521,,53883.96,644.3764898,0,0,26553.28,727.8467413,0,0
15241.3595,,53883.96,642.5631665,0,0,26553.28,724.0213849,0,0
15251.367,,53883.96,638.065111,0,0,26553.28,719.4903259,0,0
15261.3744,,53883.96,636.3935516,0,0,26553.28,714.9865071,0,0
15271.3819,,53883.96,631.8461924,0,0,26553.28,710.0218941,0,0
15281.3894,,53883.96,631.0355037,0,0,26553.28,707.575611,0,0
15291.3968,,53883.96,626.5162464,0,0,26553.28,703.0369145,0,0
15301.4043,,53883.96,624.9155689,0,0,26553.28,701.5096741,0,0
15311.4117,,53883.96,621.0639819,0,0,26553.28,695.9786151,0,0
15321.4192,,53883.96,619.8390415,0,0,26553.28,693.3663442,0,0
15331.4267,,53883.96,616.2285786,0,0,26553.28,688.3373218,0,0
15341.4341,,53883.96,615.593652,0,0,26553.28,686.8576884,0,0
15351.4416,,53883.96,611.8064233,0,0,26553.28,682.0949593,0,0
15361.449,,53883.96,610.3703425,0,0,26553.28,680.1392566,0,0
15371.4565,,53883.96,606.9059089,0,0,26553.28,675.822556,0,0
15381.4639,,53883.96,606.48137,0,0,26553.28,674.9220978,0,0
15391.4714,,53883.96,602.705934,0,0,26553.28,670.5824847,0,0
15401.4789,,53883.96,602.126082,0,0,26553.28,669.1524949,0,0
15411.4863,,53883.96,598.8152051,0,0,26553.28,663.7571283,0,0
15421.4938,,53883.96,598.3399824,0,0,26553.28,664.2426171,0,0
15431.5012,,53883.96,595.8423033,0,0,26553.28,659.2492363,0,0
15441.5087,,53883.96,595.0219546,0,0,26553.28,658.7998982,0,0
15451.5162,,53883.96,592.3296951,0,0,26553.28,654.293279,0,0
15461.5236,,53883.96,591.7766905,0,0,26553.28,653.8604888,0,0
15471.5311,,53883.96,590.1921967,0,0,26553.28,654.0575356,0,0
15481.5385,,53883.96,599.6795885,0,0,26553.28,670.8467413,0,0
15491.546,,53883.96,613.8913562,0,0,26553.28,691.0873218,0,0
15501.5535,,53883.96,632.4776063,0,0,26553.28,718.6792261,0,0
15511.5609,,53883.96,650.1721239,0,0,26553.28,743.2907332,0,0
15521.5684,,53883.96,669.1824112,0,0,26553.28,771.5455703,0,0
15531.5758,,53883.96,685.3305733,0,0,26553.28,793.5651731,0,0
15541.5833,,53883.96,702.3211642,0,0,26553.28,818.4725051,0,0
15551.5907,,53883.96,716.0534437,0,0,26553.28,838.7057026,0,0
15561.5982,,53883.96,730.1781458,0,0,26553.28,860.5341141,0,0
15571.6057,,53883.96,741.3278133,0,0,26553.28,876.2074847,0,0
15581.6131,,53883.96,752.6751976,0,0,26553.28,895.1204175,0,0
15591.6206,,53883.96,761.4140008,0,0,26553.28,905.3375764,0,0
15601.628,,53883.96,771.8280015,0,0,26553.28,921.543279,0,0
15611.6355,,53883.96,778.4336972,0,0,26553.28,930.9101324,0,0
15621.643,,53883.96,786.034751,0,0,26553.28,943.6270367,0,0
15631.6504,,53883.96,791.6255175,0,0,26553.28,949.6094705,0,0
15641.6579,,53883.96,797.1933258,0,0,26553.28,959.5468432,0,0
15651.6653,,53883.96,802.0324928,0,0,26553.28,963.9885438,0,0
15661.6728,,53883.96,806.0136746,0,0,26553.28,972.8686354,0,0
15671.6802,,53883.96,809.9513235,0,0,26553.28,975.1115071,0,0
15681.6877,,53883.96,813.7735541,0,0,26553.28,980.5147658,0,0
15691.6952,,53883.96,815.6644085,0,0,26553.28,982.4368635,0,0
15701.7026,,53883.96,817.0158073,0,0,26553.28,985.3892566,0,0
15711.7101,,53883.96,819.2028604,0,0,26553.28,987.1639511,0,0
15721.7175,,53883.96,819.3567934,0,0,26553.28,989.7449084,0,0
15731.725,,53883.96,822.2260695,0,0,26553.28,990.9900713,0,0
15741.7325,,53883.96,821.4459917,0,0,26553.28,991.4712322,0,0
15751.7399,,53883.96,822.7416886,0,0,26553.28,991.2247963,0,0
15761.7474,,53883.96,821.7416886,0,0,26553.28,989.7039206,0,0
15771.7548,,53883.96,820.936269,0,0,26553.28,988.8503055,0,0
15781.7623,,53883.96,818.6749467,0,0,26553.28,986.5481161,0,0
15791.7698,,53883.96,819.753105,0,0,26553.28,985.1410387,0,0
15801.7772,,53883.96,815.9602308,0,0,26553.28,981.1530041,0,0
15811.7847,,53883.96,816.0667419,0,0,26553.28,978.8790733,0,0
15821.7921,,53883.96,811.4142517,0,0,26553.28,972.4590122,0,0
15831.7996,,53883.96,811.567181,0,0,26553.28,971.2716395,0,0
15841.807,,53883.96,806.0040146,0,0,26553.28,964.3851833,0,0
15851.8145,,53883.96,805.1581985,0,0,26553.28,961.1199084,0,0
15861.822,,53883.96,799.060971,0,0,26553.28,952.8345214,0,0
15871.8294,,53883.96,797.8094342,0,0,26553.28,949.6917006,0,0
15881.8369,,53883.96,791.5405846,0,0,26553.28,939.9775967,0,0
15891.8443,,53883.96,789.7446995,0,0,26553.28,938.5308045,0,0
15901.8518,,53883.96,782.1445239,0,0,26553.28,927.063391,0,0
15911.8593,,53883.96,781.2829005,0,0,26553.28,924.5679735,0,0
15921.8667,,53883.96,773.9485635,0,0,26553.28,913.2059572,0,0
15931.8742,,53883.96,771.3853971,0,0,26553.28,911.3991853,0,0
15941.8816,,53883.96,763.8899762,0,0,26553.28,899.7135947,0,0
15951.8891,,53883.96,762.1896876,0,0,26553.28,895.6402749,0,0
15961.8966,,53883.96,754.5005645,0,0,26553.28,884.4014766,0,0
15971.904,,53883.96,751.7455777,0,0,26553.28,880.6657332,0,0
15981.9115,,53883.96,744.5429683,0,0,26553.28,870.6321283,0,0
15991.9189,,53883.96,742.4831263,0,0,26553.28,867.2415988,0,0
16001.9264,,53883.96,735.01794,0,0,26553.28,855.1970468,0,0
16011.9338,,53883.96,732.4574081,0,0,26553.28,852.1087067,0,0
16021.9413,,53883.96,724.8337724,0,0,26553.28,840.6985743,0,0
16031.9488,,53883.96,723.0779074,0,0,26553.28,837.4523931,0,0
16041.9562,,53883.96,716.1683603,0,0,26553.28,827.1616599,0,0
16051.9637,,53883.96,713.3895371,0,0,26553.28,823.4806517,0,0
16061.9711,,53883.96,706.9519508,0,0,26553.28,815.0458248,0,0
16071.9786,,53883.96,704.4374608,0,0,26553.28,810.9893075,0,0
16081.9861,,53883.96,698.3160206,0,0,26553.28,800.3299389,0,0
16091.9935,,53883.96,694.6754485,0,0,26553.28,797.4223523,0,0
16102.001,,53883.96,688.9619872,0,0,26553.28,788.1825356,0,0
16112.0084,,53883.96,685.8540961,0,0,26553.28,785.8996945,0,0
16122.0159,,53883.96,681.1707439,0,0,26553.28,777.0784114,0,0
16132.0233,,53883.96,678.3926734,0,0,26553.28,772.8373218,0,0
16142.0308,,53883.96,673.0067746,0,0,26553.28,765.1346741,0,0
16152.0383,,53883.96,670.8084306,0,0,26553.28,761.9918534,0,0
16162.0457,,53883.96,665.850207,0,0,26553.28,754.0147658,0,0
16172.0532,,53883.96,662.3138878,0,0,26553.28,751.441446,0,0
16182.0606,,53883.96,658.4554008,0,0,26553.28,744.5366599,0,0
16192.0681,,53883.96,654.9643708,0,0,26553.28,741.1275458,0,0
16202.0756,,53883.96,652.0023836,0,0,26553.28,734.7008656,0,0
16212.083,,53883.96,648.5906411,0,0,26553.28,730.1306008,0,0
16222.0905,,53883.96,644.8232342,0,0,26553.28,726.4531568,0,0
16232.0979,,53883.96,641.7173504,0,0,26553.28,721.9478106,0,0
16242.1054,,53883.96,638.7583741,0,0,26553.28,717.1629328,0,0
16252.1129,,53883.96,635.6916322,0,0,26553.28,713.168279,0,0
16262.1203,,53883.96,632.8921089,0,0,26553.28,709.3671079,0,0
16272.1278,,53883.96,629.6621503,0,0,26553.28,705.0779022,0,0
16282.1352,,53883.96,627.4032116,0,0,26553.28,700.2772403,0,0
16292.1427,,53883.96,624.2765023,0,0,26553.28,697.3887475,0,0
16302.1501,,53883.96,621.6467194,0,0,26553.28,693.0677189,0,0
16312.1576,,53883.96,618.9688872,0,0,26553.28,690.2851324,0,0
16322.1651,,53883.96,616.9090453,0,0,26553.28,686.5674644,0,0
16332.1725,,53883.96,613.8658888,0,0,26553.28,683.5791752,0,0
16342.18,,53883.96,612.7977669,0,0,26553.28,680.6023422,0,0
16352.1874,,53883.96,609.4865136,0,0,26553.28,676.7726578,0,0
16362.1949,,53883.96,608.1466566,0,0,26553.28,674.410387,0,0
16372.2024,,53883.96,605.1940785,0,0,26553.28,670.4203157,0,0
16382.2098,,53883.96,604.5218919,0,0,26553.28,668.3604888,0,0
16392.2173,,53883.96,600.9552126,0,0,26553.28,663.9954175,0,0
16402.2247,,53883.96,600.2220549,0,0,26553.28,662.1608961,0,0
16412.2322,,53883.96,597.6306611,0,0,26553.28,659.424389,0,0
16422.2396,,53883.96,596.9050307,0,0,26553.28,658.3187373,0,0
16432.2471,,53883.96,593.5675574,0,0,26553.28,655.0799389,0,0
16442.2546,,53883.96,593.4379626,0,0,26553.28,652.8793279,0,0
16452.262,,53883.96,590.463179,0,0,26553.28,649.1733707,0,0
16462.2695,,53883.96,589.6759503,0,0,26553.28,648.4880346,0,0
16472.2769,,53883.96,588.8199724,0,0,26553.28,650.4027495,0,0
16482.2844,,53883.96,599.0016309,0,0,26553.28,667.5160387,0,0
16492.2919,,53883.96,614.227575,0,0,26553.28,690.1005601,0,0
16502.2993,,53883.96,635.0225819,0,0,26553.28,720.2270876,0,0
16512.3068,,53883.96,652.1391293,0,0,26553.28,745.1840631,0,0
16522.3142,,53883.96,672.9425417,0,0,26553.28,774.3971487,0,0
16532.3217,,53883.96,687.6511103,0,0,26553.28,796.3561609,0,0
16542.3292,,53883.96,706.1381257,0,0,26553.28,822.5850305,0,0
16552.3366,,53883.96,718.0130473,0,0,26553.28,840.7489817,0,0
16562.3441,,53883.96,734.6844812,0,0,26553.28,865.2818228,0,0
16572.3515,,53883.96,744.4697027,0,0,26553.28,878.2556008,0,0
16582.359,,53883.96,758.1075147,0,0,26553.28,899.1364562,0,0
16592.3664,,53883.96,765.3899134,0,0,26553.28,909.3681263,0,0
16602.3739,,53883.96,776.5363192,0,0,26553.28,925.8734725,0,0
16612.3814,,53883.96,781.3631916,0,0,26553.28,932.273167,0,0
16622.3888,,53883.96,790.2782587,0,0,26553.28,947.5779022,0,0
16632.3963,,53883.96,793.7626396,0,0,26553.28,951.7026477,0,0
16642.4037,,53883.96,802.1358675,0,0,26553.28,963.2484725,0,0
16652.4112,,53883.96,804.7055576,0,0,26553.28,965.1143075,0,0
16662.4187,,53883.96,810.2377368,0,0,26553.28,975.8925662,0,0
16672.4261,,53883.96,812.3182788,0,0,26553.28,977.1519857,0,0
16682.4336,,53883.96,816.7396813,0,0,26553.28,984.3709267,0,0
16692.441,,53883.96,816.7482123,0,0,26553.28,984.1899185,0,0
16702.4485,,53883.96,820.4138753,0,0,26553.28,988.6667515,0,0
16712.4559,,53883.96,820.4651863,0,0,26553.28,986.8345214,0,0
16722.4634,,53883.96,823.3853971,0,0,26553.28,992.2545825,0,0
16732.4709,,53883.96,822.6720612,0,0,26553.28,989.9582485,0,0
16742.4783,,53883.96,824.5803538,0,0,26553.28,993.4315173,0,0
16752.4858,,53883.96,823.7385523,0,0,26553.28,990.6886456,0,0
16762.4932,,53883.96,823.4158826,0,0,26553.28,990.2800407,0,0
16772.5007,,53883.96,821.8197215,0,0,26553.28,986.540224,0,0
16782.5082,,53883.96,821.2549241,0,0,26553.28,987.0679735,0,0
16792.5156,,53883.96,819.2197968,0,0,26553.28,981.3032077,0,0
16802.5231,,53883.96,816.9251035,0,0,26553.28,980.9541752,0,0
16812.5305,,53883.96,816.2904278,0,0,26553.28,974.3607434,0,0
16822.538,,53883.96,813.4860118,0,0,26553.28,972.0056008,0,0
16832.5455,,53883.96,811.1605821,0,0,26553.28,966.4251527,0,0
16842.5529,,53883.96,806.9229708,0,0,26553.28,961.2095214,0,0
16852.5604,,53883.96,804.4408481,0,0,26553.28,956.0845214,0,0
16862.5678,,53883.96,798.9030235,0,0,26553.28,948.7589104,0,0
16872.5753,,53883.96,795.7937524,0,0,26553.28,942.7296334,0,0
16882.5827,,53883.96,790.5281646,0,0,26553.28,935.8263747,0,0
16892.5902,,53883.96,788.6823485,0,0,26553.28,930.8668534,0,0
16902.5977,,53883.96,782.267595,0,0,26553.28,924.3604888,0,0
16912.6051,,53883.96,780.1001129,0,0,26553.28,917.6438391,0,0
16922.6126,,53883.96,772.4283026,0,0,26553.28,909.0997963,0,0
16932.62,,53883.96,770.1285911,0,0,26553.28,903.6293279,0,0
16942.6275,,53883.96,762.6912558,0,0,26553.28,894.3296843,0,0
16952.635,,53883.96,760.0139255,0,0,26553.28,887.9345723,0,0
16962.6424,,53883.96,752.2722369,0,0,26553.28,879.0310591,0,0
16972.6499,,53883.96,750.0337473,0,0,26553.28,874.3783096,0,0
16982.6573,,53883.96,742.527161,0,0,26553.28,864.5608452,0,0
16992.6648,,53883.96,740.5387028,0,0,26553.28,859.6117617,0,0
17002.6722,,53883.96,732.9923473,0,0,26553.28,850.0766293,0,0
17012.6797,,53883.96,730.6592648,0,0,26553.28,844.9457739,0,0
17022.6872,,53883.96,722.5651738,0,0,26553.28,834.8592159,0,0
17032.6946,,53883.96,721.091582,0,0,26553.28,830.9101324,0,0
17042.7021,,53883.96,713.1819094,0,0,26553.28,820.4931263,0,0
17052.7095,,53883.96,710.5700665,0,0,26553.28,816.6616599,0,0
17062.717,,53883.96,704.1891858,0,0,26553.28,806.9526477,0,0
17072.7245,,53883.96,702.1231966,0,0,26553.28,804.4587576,0,0
17082.7319,,53883.96,695.6331702,0,0,26553.28,794.0801935,0,0
17092.7394,,53883.96,692.9341362,0,0,26553.28,791.2057026,0,0
17102.7468,,53883.96,686.6930122,0,0,26553.28,782.3093177,0,0
17112.7543,,53883.96,684.4917827,0,0,26553.28,777.6438391,0,0
17122.7618,,53883.96,677.9040271,0,0,26553.28,770.6257637,0,0
17132.7692,,53883.96,676.6130975,0,0,26553.28,766.8421589,0,0
17142.7767,,53883.96,670.7494668,0,0,26553.28,758.8836558,0,0
17152.7841,,53883.96,667.8283779,0,0,26553.28,755.0254582,0,0
17162.7916,,53883.96,662.8091833,0,0,26553.28,747.2693483,0,0
17172.799,,53883.96,661.1055075,0,0,26553.28,745.135947,0,0
17182.8065,,53883.96,656.0116673,0,0,26553.28,737.5644094,0,0
17192.814,,53883.96,653.1521766,0,0,26553.28,736.3711813,0,0
17202.8214,,53883.96,648.8572325,0,0,26553.28,728.3070265,0,0
17212.8289,,53883.96,646.9963618,0,0,26553.28,724.8210285,0,0
17222.8363,,53883.96,642.6468448,0,0,26553.28,718.476833,0,0
17232.8438,,53883.96,640.0560783,0,0,26553.28,716.3449593,0,0
17242.8513,,53883.96,636.3184042,0,0,26553.28,710.7976069,0,0
17252.8587,,53883.96,634.3448752,0,0,26553.28,707.8082994,0,0
17262.8662,,53883.96,630.7664032,0,0,26553.28,702.4574847,0,0
17272.8736,,53883.96,628.380128,0,0,26553.28,699.8447047,0,0
17282.8811,,53883.96,625.2393677,0,0,26553.28,695.1817719,0,0
17292.8886,,53883.96,622.8390415,0,0,26553.28,691.9679226,0,0
17302.896,,53883.96,619.926358,0,0,26553.28,686.9964358,0,0
17312.9035,,53883.96,618.0424037,0,0,26553.28,685.2029022,0,0
17322.9109,,53883.96,615.6539957,0,0,26553.28,680.1084521,0,0
17332.9184,,53883.96,612.743445,0,0,26553.28,678.0305499,0,0
17342.9258,,53883.96,610.7380504,0,0,26553.28,674.2632383,0,0
17352.9333,,53883.96,607.7242504,0,0,26553.28,672.1216904,0,0
17362.9408,,53883.96,606.4353281,0,0,26553.28,667.898167,0,0
17372.9482,,53883.96,604.3733534,0,0,26553.28,665.9297352,0,0
17382.9557,,53883.96,602.2791369,0,0,26553.28,662.5743381,0,0
17392.9631,,53883.96,600.4284281,0,0,26553.28,660.1494399,0,0
17402.9706,,53883.96,598.5796011,0,0,26553.28,657.0916497,0,0
17412.9781,,53883.96,596.557521,0,0,26553.28,654.6216904,0,0
17422.9855,,53883.96,595.5952829,0,0,26553.28,651.8912933,0,0
17432.993,,53883.96,592.6756994,0,0,26553.28,649.9572301,0,0
17443.0004,,53883.96,591.4646845,0,0,26553.28,646.7135947,0,0