Time::Relative Time!!R,Markers::Markers,Channel1_R1_Area::EGFP_R1_Area!!R,Channel1_R1_IntensityMean::EGFP_R1_IntensityMean!!R,Channel1_R1_IntensitySum1::EGFP_R1_IntensitySum1!!R,Channel1_R1_IntensityMaximum::EGFP_R1_IntensityMaximum!!R,Channel1_R2_Area::EGFP_R2_Area!!R,Channel1_R2_IntensityMean::EGFP_R2_IntensityMean!!R,Channel1_R2_IntensitySum1::EGFP_R2_IntensitySum1!!R,Channel1_R2_IntensityMaximum::EGFP_R2_IntensityMaximum!!R,Channel1_R3_Area::EGFP_R3_Area!!R,Channel1_R3_IntensityMean::EGFP_R3_IntensityMean!!R,Channel1_R3_IntensitySum1::EGFP_R3_IntensitySum1!!R,Channel1_R3_IntensityMaximum::EGFP_R3_IntensityMaximum!!R,Channel1_R4_Area::EGFP_R4_Area!!R,Channel1_R4_IntensityMean::EGFP_R4_IntensityMean!!R,Channel1_R4_IntensitySum1::EGFP_R4_IntensitySum1!!R,Channel1_R4_IntensityMaximum::EGFP_R4_IntensityMaximum!!R
Ms,,,,,,,,,,,,,,,,,
12889.6067,,26620.88,966.2531742,0,0,26614.12,1000.913132,0,0,26769.6,1063.127273,0,0,26843.96,978.5321078,0,0
12899.6142,,26620.88,1102.523616,0,0,26614.12,1154.379477,0,0,26769.6,1232.878535,0,0,26843.96,1100.117854,0,0
12909.6217,,26620.88,1254.945404,0,0,26614.12,1324.618237,0,0,26769.6,1444.468687,0,0,26843.96,1238.168723,0,0
12919.6291,,26620.88,1400.586592,0,0,26614.12,1492.801372,0,0,26769.6,1656.557071,0,0,26843.96,1374.157139,0,0
12929.6366,,26620.88,1545.55485,0,0,26614.12,1658.055118,0,0,26769.6,1859.730808,0,0,26843.96,1499.877865,0,0
12939.644,,26620.88,1669.868715,0,0,26614.12,1807.199136,0,0,26769.6,2040.85,0,0,26843.96,1613.641904,0,0
12949.6515,,26620.88,1785.134586,0,0,26614.12,1940.545085,0,0,26769.6,2213.218434,0,0,26843.96,1711.904558,0,0
12959.659,,26620.88,1882.962671,0,0,26614.12,2056.882144,0,0,26769.6,2350.530808,0,0,26843.96,1796.318811,0,0
12969.6664,,26620.88,1970.032504,0,0,26614.12,2158.964948,0,0,26769.6,2481.605303,0,0,26843.96,1868.514984,0,0
12979.6739,,26620.88,2040.171407,0,0,26614.12,2245.659131,0,0,26769.6,2579.545455,0,0,26843.96,1928.143037,0,0
12989.6813,,26620.88,2102.582275,0,0,26614.12,2321.790196,0,0,26769.6,2673.962121,0,0,26843.96,1978.153614,0,0
12999.6888,,26620.88,2150.033266,0,0,26614.12,2381.717551,0,0,26769.6,2740.093687,0,0,26843.96,2017.503651,0,0
13009.6962,,26620.88,2194.485018,0,0,26614.12,2430.766828,0,0,26769.6,2806.217677,0,0,26843.96,2045.718207,0,0
13019.7037,,26620.88,2225.170899,0,0,26614.12,2475.429515,0,0,26769.6,2848.238636,0,0,26843.96,2070.773357,0,0
13029.7112,,26620.88,2254.110208,0,0,26614.12,2505.204216,0,0,26769.6,2887.807323,0,0,26843.96,2089.305465,0,0
13039.7186,,26620.88,2270.389792,0,0,26614.12,2528.984252,0,0,26769.6,2908.741919,0,0,26843.96,2103.063964,0,0
13049.7261,,26620.88,2286.22067,0,0,26614.12,2546.013208,0,0,26769.6,2933.813636,0,0,26843.96,2111.129187,0,0
13059.7335,,26620.88,2292.870747,0,0,26614.12,2561.847854,0,0,26769.6,2940.725758,0,0,26843.96,2119.121884,0,0
13069.741,,26620.88,2300.333926,0,0,26614.12,2564.472187,0,0,26769.6,2952.598485,0,0,26843.96,2119.217577,0,0
13079.7485,,26620.88,2301.456577,0,0,26614.12,2570.624587,0,0,26769.6,2946.049242,0,0,26843.96,2118.519516,0,0
13089.7559,,26620.88,2299.905028,0,0,26614.12,2567.229108,0,0,26769.6,2948.978283,0,0,26843.96,2110.925963,0,0
13099.7634,,26620.88,2295.932453,0,0,26614.12,2564.157226,0,0,26769.6,2934.480808,0,0,26843.96,2106.184588,0,0
13109.7708,,26620.88,2288.612494,0,0,26614.12,2551.293625,0,0,26769.6,2928.290909,0,0,26843.96,2096.868043,0,0
13119.7783,,26620.88,2276.647791,0,0,26614.12,2543.724155,0,0,26769.6,2904.884848,0,0,26843.96,2085.767061,0,0
13129.7858,,26620.88,2264.92001,0,0,26614.12,2526.066294,0,0,26769.6,2895.277778,0,0,26843.96,2073.922941,0,0
13139.7932,,26620.88,2252.905028,0,0,26614.12,2513.221742,0,0,26769.6,2866.733838,0,0,26843.96,2062.642407,0,0
13149.8007,,26620.88,2235.467496,0,0,26614.12,2492.372365,0,0,26769.6,2849.666667,0,0,26843.96,2044.669605,0,0
13159.8081,,26620.88,2221.501016,0,0,26614.12,2476.223774,0,0,26769.6,2820.987121,0,0,26843.96,2030.36414,0,0
13169.8156,,26620.88,2203.501524,0,0,26614.12,2451.648463,0,0,26769.6,2802.232071,0,0,26843.96,2011.181818,0,0
13179.823,,26620.88,2187.875317,0,0,26614.12,2435.189992,0,0,26769.6,2766.97803,0,0,26843.96,1997.279778,0,0
13189.8305,,26620.88,2167.995683,0,0,26614.12,2407.332995,0,0,26769.6,2745.460354,0,0,26843.96,1977.561571,0,0
13199.838,,26620.88,2150.613002,0,0,26614.12,2387.977648,0,0,26769.6,2713.195202,0,0,26843.96,1961.999496,0,0
13209.8454,,26620.88,2125.994159,0,0,26614.12,2356.196088,0,0,26769.6,2684.293434,0,0,26843.96,1939.232687,0,0
13219.8529,,26620.88,2108.488827,0,0,26614.12,2334.569977,0,0,26769.6,2647.40303,0,0,26843.96,1921.449257,0,0
13229.8603,,26620.88,2084.970797,0,0,26614.12,2302.760478,0,0,26769.6,2621.232323,0,0,26843.96,1900.344498,0,0
13239.8678,,26620.88,2064.870239,0,0,26614.12,2281.530099,0,0,26769.6,2584.475758,0,0,26843.96,1884.815412,0,0
13249.8753,,26620.88,2038.854495,0,0,26614.12,2250.052578,0,0,26769.6,2554.82803,0,0,26843.96,1859.883405,0,0
13259.8827,,26620.88,2019.459878,0,0,26614.12,2224.288799,0,0,26769.6,2518.167172,0,0,26843.96,1843.906321,0,0
13269.8902,,26620.88,1995.455307,0,0,26614.12,2194.630175,0,0,26769.6,2485.777778,0,0,26843.96,1818.98338,0,0
13279.8976,,26620.88,1977.533012,0,0,26614.12,2171.362713,0,0,26769.6,2449.531313,0,0,26843.96,1800.46764,0,0
13289.9051,,26620.88,1950.884205,0,0,26614.12,2138.241554,0,0,26769.6,2417.131061,0,0,26843.96,1779.331151,0,0
13299.9126,,26620.88,1931.048756,0,0,26614.12,2114.863094,0,0,26769.6,2385.331818,0,0,26843.96,1761.811886,0,0
13309.92,,26620.88,1905.351447,0,0,26614.12,2080.08509,0,0,26769.6,2354.276768,0,0,26843.96,1737.51171,0,0
13319.9275,,26620.88,1884.844337,0,0,26614.12,2058.03683,0,0,26769.6,2319.342929,0,0,26843.96,1721.490305,0,0
13329.9349,,26620.88,1860.099289,0,0,26614.12,2028.244348,0,0,26769.6,2289.489141,0,0,26843.96,1698.196676,0,0
13339.9424,,26620.88,1840.273743,0,0,26614.12,2005.990094,0,0,26769.6,2256.465152,0,0,26843.96,1681.376983,0,0
13349.9498,,26620.88,1815.223972,0,0,26614.12,1972.657099,0,0,26769.6,2224.584848,0,0,26843.96,1659.691765,0,0
13359.9573,,26620.88,1796.154647,0,0,26614.12,1949.784608,0,0,26769.6,2193.383586,0,0,26843.96,1642.228154,0,0
13369.9648,,26620.88,1771.11808,0,0,26614.12,1917.930404,0,0,26769.6,2161.499242,0,0,26843.96,1617.375976,0,0
13379.9722,,26620.88,1751.086338,0,0,26614.12,1897.388113,0,0,26769.6,2131.792424,0,0,26843.96,1602.489801,0,0
13389.9797,,26620.88,1725.865668,0,0,26614.12,1866.630429,0,0,26769.6,2100.471465,0,0,26843.96,1580.618988,0,0
13399.9871,,26620.88,1709.316658,0,0,26614.12,1845.513843,0,0,26769.6,2072.519697,0,0,26843.96,1563.860489,0,0
13409.9946,,26620.88,1684.076435,0,0,26614.12,1817.358395,0,0,26769.6,2041.226263,0,0,26843.96,1542.47444,0,0
13420.0021,,26620.88,1664.344337,0,0,26614.12,1794.885192,0,0,26769.6,2014.332576,0,0,26843.96,1527.989927,0,0
13430.0095,,26620.88,1642.409599,0,0,26614.12,1769.861316,0,0,26769.6,1984.62096,0,0,26843.96,1509.068748,0,0
13440.017,,26620.88,1624.553834,0,0,26614.12,1747.400305,0,0,26769.6,1960.848232,0,0,26843.96,1491.481491,0,0
13450.0244,,26620.88,1602.945404,0,0,26614.12,1723.206756,0,0,26769.6,1930.603283,0,0,26843.96,1474.078066,0,0
13460.0319,,26620.88,1583.481463,0,0,26614.12,1701.174244,0,0,26769.6,1906.168434,0,0,26843.96,1456.747922,0,0
13470.0393,,26620.88,1562.662265,0,0,26614.12,1677.006096,0,0,26769.6,1875.428535,0,0,26843.96,1437.298917,0,0
13480.0468,,26620.88,1546.828339,0,0,26614.12,1656.567945,0,0,26769.6,1852.762374,0,0,26843.96,1422.761773,0,0
13490.0543,,26620.88,1525.290503,0,0,26614.12,1631.397257,0,0,26769.6,1825.607071,0,0,26843.96,1405.017124,0,0
13500.0617,,26620.88,1507.524378,0,0,26614.12,1611.759716,0,0,26769.6,1802.068687,0,0,26843.96,1389.787459,0,0
13510.0692,,26620.88,1487.064246,0,0,26614.12,1588.776226,0,0,26769.6,1777.294697,0,0,26843.96,1372.878116,0,0
13520.0766,,26620.88,1469.208989,0,0,26614.12,1571.392177,0,0,26769.6,1754.302273,0,0,26843.96,1356.256107,0,0
13530.0841,,26620.88,1450.607923,0,0,26614.12,1548.346457,0,0,26769.6,1729.386616,0,0,26843.96,1341.928733,0,0
13540.0916,,26620.88,1434.57034,0,0,26614.12,1530.345949,0,0,26769.6,1708.199242,0,0,26843.96,1324.946865,0,0
13550.099,,26620.88,1414.753682,0,0,26614.12,1507.96571,0,0,26769.6,1682.22096,0,0,26843.96,1311.204482,0,0
13560.1065,,26620.88,1400.742001,0,0,26614.12,1489.237744,0,0,26769.6,1665.125758,0,0,26843.96,1297.269705,0,0
13570.1139,,26620.88,1383.168106,0,0,26614.12,1471.628651,0,0,26769.6,1639.969949,0,0,26843.96,1283.326618,0,0
13580.1214,,26620.88,1367.499492,0,0,26614.12,1453.180086,0,0,26769.6,1622.590657,0,0,26843.96,1269.832032,0,0
13590.1289,,26620.88,1350.58126,0,0,26614.12,1434.454661,0,0,26769.6,1598.608838,0,0,26843.96,1256.801561,0,0
13600.1363,,26620.88,1336.7613,0,0,26614.12,1417.98984,0,0,26769.6,1581.49697,0,0,26843.96,1242.81239,0,0
13610.1438,,26620.88,1321.473337,0,0,26614.12,1400.497079,0,0,26769.6,1560.67399,0,0,26843.96,1229.920423,0,0
13620.1512,,26620.88,1307.343321,0,0,26614.12,1383.637287,0,0,26769.6,1543.420455,0,0,26843.96,1216.044321,0,0
13630.1587,,26620.88,1291.878111,0,0,26614.12,1368.122682,0,0,26769.6,1523.160606,0,0,26843.96,1205.859481,0,0
13640.1661,,26620.88,1279.633062,0,0,26614.12,1350.508763,0,0,26769.6,1508.031313,0,0,26843.96,1194.124654,0,0
13650.1736,,26620.88,1264.525648,0,0,26614.12,1337.569977,0,0,26769.6,1487.566162,0,0,26843.96,1183.639386,0,0
13660.1811,,26620.88,1251.61097,0,0,26614.12,1319.554737,0,0,26769.6,1472.533081,0,0,26843.96,1170.307227,0,0
13670.1885,,26620.88,1237.719147,0,0,26614.12,1306.906782,0,0,26769.6,1453.059848,0,0,26843.96,1161.767313,0,0
13680.196,,26620.88,1224.468258,0,0,26614.12,1291.979426,0,0,26769.6,1441.305303,0,0,26843.96,1149.985394,0,0
13690.2034,,26620.88,1214.312595,0,0,26614.12,1279.990094,0,0,26769.6,1421.860859,0,0,26843.96,1142.501637,0,0
13700.2109,,26620.88,1201.746826,0,0,26614.12,1264.768352,0,0,26769.6,1408.30202,0,0,26843.96,1129.943339,0,0
13710.2184,,26620.88,1190.814627,0,0,26614.12,1252.744475,0,0,26769.6,1391.639646,0,0,26843.96,1120.830521,0,0
13720.2258,,26620.88,1179.21356,0,0,26614.12,1237.760478,0,0,26769.6,1377.62803,0,0,26843.96,1110.752707,0,0
13730.2333,,26620.88,1169.370747,0,0,26614.12,1227.271273,0,0,26769.6,1361.548485,0,0,26843.96,1103.628557,0,0
13740.2407,,26620.88,1156.854241,0,0,26614.12,1214.11176,0,0,26769.6,1350.548232,0,0,26843.96,1093.911609,0,0
13750.2482,,26620.88,1147.216607,0,0,26614.12,1202.88316,0,0,26769.6,1335.228535,0,0,26843.96,1086.201712,0,0
13760.2556,,26620.88,1136.026917,0,0,26614.12,1189.82474,0,0,26769.6,1324.137121,0,0,26843.96,1077.652229,0,0
13770.2631,,26620.88,1128.052311,0,0,26614.12,1180.820676,0,0,26769.6,1311.089899,0,0,26843.96,1071.22765,0,0
13780.2706,,26620.88,1118.432199,0,0,26614.12,1170.364745,0,0,26769.6,1301.224495,0,0,26843.96,1060.450768,0,0
13790.278,,26620.88,1110.366176,0,0,26614.12,1160.762002,0,0,26769.6,1287.258333,0,0,26843.96,1054.845631,0,0
13800.2855,,26620.88,1099.945658,0,0,26614.12,1148.511049,0,0,26769.6,1276.655303,0,0,26843.96,1045.62075,0,0
13810.2929,,26620.88,1092.111224,0,0,26614.12,1141.851918,0,0,26769.6,1263.84798,0,0,26843.96,1040.125409,0,0
13820.3004,,26620.88,1081.959878,0,0,26614.12,1130.947422,0,0,26769.6,1255.047222,0,0,26843.96,1032.084865,0,0
13830.3079,,26620.88,1073.860589,0,0,26614.12,1123.302769,0,0,26769.6,1243.790152,0,0,26843.96,1026.297154,0,0
13840.3153,,26620.88,1066.922803,0,0,26614.12,1111.846584,0,0,26769.6,1233.965404,0,0,26843.96,1019.805087,0,0
13850.3228,,26620.88,1060.019045,0,0,26614.12,1105.997968,0,0,26769.6,1222.902525,0,0,26843.96,1015.399396,0,0
13860.3302,,26620.88,1051.811326,0,0,26614.12,1096.730251,0,0,26769.6,1213.035859,0,0,26843.96,1007.106522,0,0
13870.3377,,26620.88,1045.646267,0,0,26614.12,1089.129286,0,0,26769.6,1205.810606,0,0,26843.96,1003.013599,0,0
13880.3452,,26620.88,1062.700609,0,0,26614.12,1108.308611,0,0,26769.6,1206.866667,0,0,26843.96,1020.394863,0,0
13890.3526,,26620.88,1137.518791,0,0,26614.12,1187.765558,0,0,26769.6,1272.312626,0,0,26843.96,1089.05515,0,0
13900.3601,,26620.88,1235.306247,0,0,26614.12,1298.923546,0,0,26769.6,1403.494444,0,0,26843.96,1181.09519,0,0
13910.3675,,26620.88,1348.523616,0,0,26614.12,1427.97968,0,0,26769.6,1561.741667,0,0,26843.96,1289.537648,0,0
13920.375,,26620.88,1462.078974,0,0,26614.12,1555.250699,0,0,26769.6,1726.889394,0,0,26843.96,1396.419542,0,0
13930.3824,,26620.88,1576.241239,0,0,26614.12,1688.257811,0,0,26769.6,1889.296212,0,0,26843.96,1504.086628,0,0
13940.3899,,26620.88,1675.877603,0,0,26614.12,1802.676403,0,0,26769.6,2045.065404,0,0,26843.96,1596.890456,0,0
13950.3974,,26620.88,1773.04901,0,0,26614.12,1920.729997,0,0,26769.6,2184.387374,0,0,26843.96,1683.197431,0,0
13960.4048,,26620.88,1854.181564,0,0,26614.12,2015.432817,0,0,26769.6,2313.395202,0,0,26843.96,1756.234702,0,0
13970.4123,,26620.88,1933.365414,0,0,26614.12,2109.163322,0,0,26769.6,2425.496465,0,0,26843.96,1822.225132,0,0
13980.4197,,26620.88,1990.723718,0,0,26614.12,2184.757176,0,0,26769.6,2522.720455,0,0,26843.96,1873.235961,0,0
13990.4272,,26620.88,2046.806501,0,0,26614.12,2254.060198,0,0,26769.6,2601.875758,0,0,26843.96,1922.032989,0,0
14000.4347,,26620.88,2089.533012,0,0,26614.12,2308.859792,0,0,26769.6,2670.993182,0,0,26843.96,1955.779149,0,0
14010.4421,,26620.88,2130.908075,0,0,26614.12,2359.327407,0,0,26769.6,2730.780303,0,0,26843.96,1987.747671,0,0
14020.4496,,26620.88,2155.020823,0,0,26614.12,2393.11303,0,0,26769.6,2773.408081,0,0,26843.96,2007.109041,0,0
14030.457,,26620.88,2181.506602,0,0,26614.12,2427.133858,0,0,26769.6,2808.624747,0,0,26843.96,2024.367162,0,0
14040.4645,,26620.88,2194.232859,0,0,26614.12,2446.588773,0,0,26769.6,2829.261111,0,0,26843.96,2037.299421,0,0
14050.4719,,26620.88,2209.53098,0,0,26614.12,2465.846584,0,0,26769.6,2848.483838,0,0,26843.96,2041.671367,0,0
14060.4794,,26620.88,2212.228796,0,0,26614.12,2476.915672,0,0,26769.6,2860.460354,0,0,26843.96,2048.396374,0,0
14070.4869,,26620.88,2219.488065,0,0,26614.12,2485.823978,0,0,26769.6,2868.880556,0,0,26843.96,2049.478217,0,0
14080.4943,,26620.88,2214.788471,0,0,26614.12,2489.639065,0,0,26769.6,2868.570707,0,0,26843.96,2048.332158,0,0
14090.5018,,26620.88,2218.722194,0,0,26614.12,2489.923546,0,0,26769.6,2867.125505,0,0,26843.96,2045.349282,0,0
14100.5092,,26620.88,2211.143982,0,0,26614.12,2483.798578,0,0,26769.6,2855.876263,0,0,26843.96,2037.909595,0,0
14110.5167,,26620.88,2204.077958,0,0,26614.12,2475.293625,0,0,26769.6,2848.24697,0,0,26843.96,2027.870058,0,0
14120.5242,,26620.88,2192.099035,0,0,26614.12,2464.883414,0,0,26769.6,2828.728788,0,0,26843.96,2019.059683,0,0
14130.5316,,26620.88,2182.152869,0,0,26614.12,2450.383033,0,0,26769.6,2816.676515,0,0,26843.96,2009.038278,0,0
14140.5391,,26620.88,2166.592433,0,0,26614.12,2437.230632,0,0,26769.6,2790.505051,0,0,26843.96,1994.683455,0,0
14150.5465,,26620.88,2155.22321,0,0,26614.12,2419.297943,0,0,26769.6,2775.193687,0,0,26843.96,1979.817175,0,0
14160.554,,26620.88,2134.982732,0,0,26614.12,2402.635255,0,0,26769.6,2742.49798,0,0,26843.96,1966.236464,0,0
14170.5615,,26620.88,2119.126968,0,0,26614.12,2381.588265,0,0,26769.6,2726.882828,0,0,26843.96,1948.067237,0,0
14180.5689,,26620.88,2098.281361,0,0,26614.12,2357.995428,0,0,26769.6,2692.976263,0,0,26843.96,1931.991438,0,0
14190.5764,,26620.88,2082.727781,0,0,26614.12,2335.19685,0,0,26769.6,2668.114141,0,0,26843.96,1914.323344,0,0
14200.5838,,26620.88,2062.990096,0,0,26614.12,2312.298197,0,0,26769.6,2634.287626,0,0,26843.96,1896.986905,0,0
14210.5913,,26620.88,2040.770442,0,0,26614.12,2284.805182,0,0,26769.6,2608.47601,0,0,26843.96,1877.295392,0,0
14220.5987,,26620.88,2020.578466,0,0,26614.12,2260.641859,0,0,26769.6,2571.127525,0,0,26843.96,1860.093427,0,0
14230.6062,,26620.88,1999.310056,0,0,26614.12,2232.952248,0,0,26769.6,2545.131061,0,0,26843.96,1838.786452,0,0
14240.6137,,26620.88,1977.108431,0,0,26614.12,2209.526797,0,0,26769.6,2507.110101,0,0,26843.96,1821.842861,0,0
14250.6211,,26620.88,1957.656932,0,0,26614.12,2182.257811,0,0,26769.6,2480.399747,0,0,26843.96,1801.720473,0,0
14260.6286,,26620.88,1936.461656,0,0,26614.12,2156.489459,0,0,26769.6,2442.862374,0,0,26843.96,1784.153614,0,0
14270.636,,26620.88,1915.277298,0,0,26614.12,2124.302261,0,0,26769.6,2414.915152,0,0,26843.96,1759.958197,0,0
14280.6435,,26620.88,1892.621635,0,0,26614.12,2101.289053,0,0,26769.6,2377.959596,0,0,26843.96,1744.461345,0,0
14290.651,,26620.88,1870.332402,0,0,26614.12,2071.547117,0,0,26769.6,2346.120202,0,0,26843.96,1720.60967,0,0
14300.6584,,26620.88,1850.015236,0,0,26614.12,2045.565659,0,0,26769.6,2314.386869,0,0,26843.96,1705.205238,0,0
14310.6659,,26620.88,1825.376079,0,0,26614.12,2014.380747,0,0,26769.6,2284.234091,0,0,26843.96,1682.462352,0,0
14320.6733,,26620.88,1804.320975,0,0,26614.12,1989.084836,0,0,26769.6,2245.659091,0,0,26843.96,1664.603123,0,0
14330.6808,,26620.88,1782.448959,0,0,26614.12,1962.176276,0,0,26769.6,2218.783586,0,0,26843.96,1644.793503,0,0
14340.6882,,26620.88,1761.441849,0,0,26614.12,1937.777242,0,0,26769.6,2182.980303,0,0,26843.96,1626.900781,0,0
14350.6957,,26620.88,1740.857796,0,0,26614.12,1909.058166,0,0,26769.6,2157.700505,0,0,26843.96,1604.931,0,0
14360.7032,,26620.88,1720.698832,0,0,26614.12,1886.883668,0,0,26769.6,2125.627525,0,0,26843.96,1590.411231,0,0
14370.7106,,26620.88,1699.065515,0,0,26614.12,1857.21717,0,0,26769.6,2098.35202,0,0,26843.96,1568.441451,0,0
14380.7181,,26620.88,1676.022092,0,0,26614.12,1834.625095,0,0,26769.6,2063.289899,0,0,26843.96,1552.541425,0,0
14390.7255,,26620.88,1653.209243,0,0,26614.12,1805.945136,0,0,26769.6,2036.285354,0,0,26843.96,1531.541174,0,0
14400.733,,26620.88,1636.644744,0,0,26614.12,1786.416815,0,0,26769.6,2007.270455,0,0,26843.96,1516.119869,0,0
14410.7405,,26620.88,1615.406044,0,0,26614.12,1757.792228,0,0,26769.6,1978.571212,0,0,26843.96,1494.930748,0,0
14420.7479,,26620.88,1596.200609,0,0,26614.12,1738.85776,0,0,26769.6,1950.439899,0,0,26843.96,1479.940065,0,0
14430.7554,,26620.88,1574.318436,0,0,26614.12,1713.094742,0,0,26769.6,1924.139646,0,0,26843.96,1461.125913,0,0
14440.7628,,26620.88,1558.299137,0,0,26614.12,1691.516383,0,0,26769.6,1895.485859,0,0,26843.96,1445.223118,0,0
14450.7703,,26620.88,1535.16836,0,0,26614.12,1666.05334,0,0,26769.6,1871.409596,0,0,26843.96,1426.669856,0,0
14460.7778,,26620.88,1517.374302,0,0,26614.12,1646.230124,0,0,26769.6,1843.530556,0,0,26843.96,1410.151347,0,0
14470.7852,,26620.88,1497.716353,0,0,26614.12,1622.042418,0,0,26769.6,1816.588131,0,0,26843.96,1391.822967,0,0
14480.7927,,26620.88,1482.31031,0,0,26614.12,1603.606045,0,0,26769.6,1791.755808,0,0,26843.96,1379.615714,0,0
14490.8001,,26620.88,1462.461402,0,0,26614.12,1579.767082,0,0,26769.6,1765.374747,0,0,26843.96,1359.843616,0,0
14500.8076,,26620.88,1447.817928,0,0,26614.12,1562.149098,0,0,26769.6,1745.021212,0,0,26843.96,1347.165198,0,0
14510.815,,26620.88,1426.906044,0,0,26614.12,1538.541529,0,0,26769.6,1720.923232,0,0,26843.96,1330.374717,0,0
14520.8225,,26620.88,1412.62773,0,0,26614.12,1520.81077,0,0,26769.6,1699.703788,0,0,26843.96,1317.388315,0,0
14530.83,,26620.88,1393.914931,0,0,26614.12,1498.460249,0,0,26769.6,1674.636111,0,0,26843.96,1298.914127,0,0
14540.8374,,26620.88,1379.22905,0,0,26614.12,1482.399289,0,0,26769.6,1654.368182,0,0,26843.96,1286.647192,0,0
14550.8449,,26620.88,1361.704926,0,0,26614.12,1462.206248,0,0,26769.6,1633.584596,0,0,26843.96,1270.627802,0,0
14560.8523,,26620.88,1348.209751,0,0,26614.12,1446.460757,0,0,26769.6,1612.124747,0,0,26843.96,1259.964996,0,0
14570.8598,,26620.88,1330.86643,0,0,26614.12,1426.447803,0,0,26769.6,1592.297222,0,0,26843.96,1245.214304,0,0
14580.8673,,26620.88,1318.846877,0,0,26614.12,1410.014986,0,0,26769.6,1573.354798,0,0,26843.96,1234.389323,0,0
14590.8747,,26620.88,1300.860081,0,0,26614.12,1391.150622,0,0,26769.6,1552.341414,0,0,26843.96,1220.032486,0,0
14600.8822,,26620.88,1288.430168,0,0,26614.12,1376.94539,0,0,26769.6,1537.230808,0,0,26843.96,1209.151851,0,0
14610.8896,,26620.88,1274.273743,0,0,26614.12,1360.483617,0,0,26769.6,1515.62601,0,0,26843.96,1196.885671,0,0
14620.8971,,26620.88,1263.303961,0,0,26614.12,1345.123698,0,0,26769.6,1498.859596,0,0,26843.96,1186.044825,0,0
14630.9046,,26620.88,1247.717877,0,0,26614.12,1328.487427,0,0,26769.6,1480.173485,0,0,26843.96,1172.243264,0,0
14640.912,,26620.88,1237.347131,0,0,26614.12,1315.616459,0,0,26769.6,1463.579293,0,0,26843.96,1162.872324,0,0
14650.9195,,26620.88,1223.189436,0,0,26614.12,1299.435611,0,0,26769.6,1446.690404,0,0,26843.96,1151.706875,0,0
14660.9269,,26620.88,1212.116049,0,0,26614.12,1286.720345,0,0,26769.6,1432.77702,0,0,26843.96,1141.550995,0,0
14670.9344,,26620.88,1198.508888,0,0,26614.12,1274.192532,0,0,26769.6,1415.232576,0,0,26843.96,1132.970033,0,0
14680.9418,,26620.88,1189.151092,0,0,26614.12,1259.403607,0,0,26769.6,1400.770202,0,0,26843.96,1122.431881,0,0
14690.9493,,26620.88,1176.521331,0,0,26614.12,1245.943104,0,0,26769.6,1385.326768,0,0,26843.96,1113.046084,0,0
14700.9568,,26620.88,1166.781615,0,0,26614.12,1233.224536,0,0,26769.6,1372.273485,0,0,26843.96,1103.402418,0,0
14710.9642,,26620.88,1154.552057,0,0,26614.12,1222.470155,0,0,26769.6,1354.701768,0,0,26843.96,1093.760514,0,0
14720.9717,,26620.88,1147.149568,0,0,26614.12,1209.701041,0,0,26769.6,1344.006313,0,0,26843.96,1086.414002,0,0
14730.9791,,26620.88,1136.662265,0,0,26614.12,1198.959868,0,0,26769.6,1329.031818,0,0,26843.96,1077.887686,0,0
14740.9866,,26620.88,1127.602082,0,0,26614.12,1186.293625,0,0,26769.6,1317.363131,0,0,26843.96,1069.509695,0,0
14750.9941,,26620.88,1117.57288,0,0,26614.12,1177.507747,0,0,26769.6,1304.978535,0,0,26843.96,1062.879879,0,0
14761.0015,,26620.88,1109.21483,0,0,26614.12,1164.691389,0,0,26769.6,1294.793434,0,0,26843.96,1054.258877,0,0
14771.009,,26620.88,1098.958354,0,0,26614.12,1154.733045,0,0,26769.6,1281.087374,0,0,26843.96,1046.723747,0,0
14781.0164,,26620.88,1091.10513,0,0,26614.12,1145.307595,0,0,26769.6,1271.542929,0,0,26843.96,1038.701838,0,0
14791.0239,,26620.88,1083.603606,0,0,26614.12,1136.380493,0,0,26769.6,1257.036869,0,0,26843.96,1033.529841,0,0
14801.0313,,26620.88,1075.512443,0,0,26614.12,1126.646177,0,0,26769.6,1248.605051,0,0,26843.96,1026.719214,0,0
14811.0388,,26620.88,1068.05612,0,0,26614.12,1118.863094,0,0,26769.6,1238.304545,0,0,26843.96,1021.27449,0,0
14821.0463,,26620.88,1060.383951,0,0,26614.12,1109.539751,0,0,26769.6,1230.07702,0,0,26843.96,1013.614203,0,0
14831.0537,,26620.88,1053.2387,0,0,26614.12,1102.131572,0,0,26769.6,1216.853535,0,0,26843.96,1009.721481,0,0
14841.0612,,26620.88,1045.966988,0,0,26614.12,1091.354331,0,0,26769.6,1210.309343,0,0,26843.96,1001.343238,0,0
14851.0686,,26620.88,1038.406298,0,0,26614.12,1085.390653,0,0,26769.6,1200.136869,0,0,26843.96,996.9395618,0,0
14861.0761,,26620.88,1032.401219,0,0,26614.12,1076.937262,0,0,26769.6,1193.531313,0,0,26843.96,990.943591,0,0
14871.0836,,26620.88,1027.783393,0,0,26614.12,1071.628397,0,0,26769.6,1183.27803,0,0,26843.96,987.0007555,0,0
14881.091,,26620.88,1052.879888,0,0,26614.12,1097.107188,0,0,26769.6,1188.585606,0,0,26843.96,1011.305968,0,0
14891.0985,,26620.88,1133.987557,0,0,26614.12,1183.653289,0,0,26769.6,1263.59697,0,0,26843.96,1084.209519,0,0
14901.1059,,26620.88,1242.250889,0,0,26614.12,1303.065024,0,0,26769.6,1403.956818,0,0,26843.96,1182.29514,0,0
14911.1134,,26620.88,1362.301168,0,0,26614.12,1438.356109,0,0,26769.6,1569.647475,0,0,26843.96,1295.747419,0,0
14921.1209,,26620.88,1482.427882,0,0,26614.12,1573.424943,0,0,26769.6,1744.998737,0,0,26843.96,1410.630068,0,0
14931.1283,,26620.88,1600.361351,0,0,26614.12,1708.119126,0,0,26769.6,1911.221717,0,0,26843.96,1517.982624,0,0
14941.1358,,26620.88,1705.410868,0,0,26614.12,1828.617221,0,0,26769.6,2071.945202,0,0,26843.96,1615.802569,0,0
14951.1432,,26620.88,1805.384713,0,0,26614.12,1945.130302,0,0,26769.6,2213.061616,0,0,26843.96,1703.108033,0,0
14961.1507,,26620.88,1890.569578,0,0,26614.12,2041.170434,0,0,26769.6,2343.213636,0,0,26843.96,1776.789977,0,0
14971.1581,,26620.88,1965.357542,0,0,26614.12,2134.239268,0,0,26769.6,2454.445202,0,0,26843.96,1844.834299,0,0
14981.1656,,26620.88,2028.979939,0,0,26614.12,2209.631699,0,0,26769.6,2551.440657,0,0,26843.96,1895.401158,0,0
14991.1731,,26620.88,2086.083037,0,0,26614.12,2281.532131,0,0,26769.6,2632.710606,0,0,26843.96,1942.854445,0,0
15001.1805,,26620.88,2126.654393,0,0,26614.12,2335.372365,0,0,26769.6,2701.920202,0,0,26843.96,1974.727021,0,0
15011.188,,26620.88,2166.8032,0,0,26614.12,2382.557785,0,0,26769.6,2758.32197,0,0,26843.96,2009.361874,0,0
15021.1954,,26620.88,2193.496953,0,0,26614.12,2418.131318,0,0,26769.6,2801.831061,0,0,26843.96,2026.076303,0,0
15031.2029,,26620.88,2219.249111,0,0,26614.12,2454.635255,0,0,26769.6,2834.35,0,0,26843.96,2049.249559,0,0
15041.2104,,26620.88,2231.765363,0,0,26614.12,2471.213868,0,0,26769.6,2861.259343,0,0,26843.96,2056.563586,0,0
15051.2178,,26620.88,2246.07999,0,0,26614.12,2493.672593,0,0,26769.6,2877.630051,0,0,26843.96,2068.348275,0,0
15061.2253,,26620.88,2250.027679,0,0,26614.12,2499.13081,0,0,26769.6,2890.640909,0,0,26843.96,2067.576933,0,0
15071.2327,,26620.88,2257.615541,0,0,26614.12,2509.382017,0,0,26769.6,2897.809343,0,0,26843.96,2074.616973,0,0
15081.2402,,26620.88,2252.542407,0,0,26614.12,2508.676911,0,0,26769.6,2894.964899,0,0,26843.96,2065.634097,0,0
15091.2476,,26620.88,2256.238446,0,0,26614.12,2509.082296,0,0,26769.6,2890.661111,0,0,26843.96,2066.565097,0,0
15101.2551,,26620.88,2245.217877,0,0,26614.12,2499.394209,0,0,26769.6,2879.022727,0,0,26843.96,2055.894485,0,0
15111.2626,,26620.88,2243.632555,0,0,26614.12,2496.456693,0,0,26769.6,2871.570455,0,0,26843.96,2051.885167,0,0
15121.27,,26620.88,2224.988065,0,0,26614.12,2478.247142,0,0,26769.6,2852.690152,0,0,26843.96,2035.682951,0,0
15131.2775,,26620.88,2218.204672,0,0,26614.12,2469.212598,0,0,26769.6,2836.589899,0,0,26843.96,2026.587258,0,0
15141.2849,,26620.88,2200.910868,0,0,26614.12,2448.671831,0,0,26769.6,2812.893939,0,0,26843.96,2011.395366,0,0
15151.2924,,26620.88,2186.802692,0,0,26614.12,2433.787402,0,0,26769.6,2793.325253,0,0,26843.96,1996.332914,0,0
15161.2999,,26620.88,2167.42255,0,0,26614.12,2411.450343,0,0,26769.6,2764.960354,0,0,26843.96,1980.45933,0,0
15171.3073,,26620.88,2152.737684,0,0,26614.12,2393.405385,0,0,26769.6,2742.006313,0,0,26843.96,1966.743893,0,0
15181.3148,,26620.88,2131.248349,0,0,26614.12,2366.665481,0,0,26769.6,2708.89697,0,0,26843.96,1947.942836,0,0
15191.3222,,26620.88,2116.042407,0,0,26614.12,2347.460757,0,0,26769.6,2685.497222,0,0,26843.96,1930.963989,0,0
15201.3297,,26620.88,2091.35094,0,0,26614.12,2319.514097,0,0,26769.6,2649.759596,0,0,26843.96,1911.901788,0,0
15211.3372,,26620.88,2074.584053,0,0,26614.12,2297.405639,0,0,26769.6,2624.960859,0,0,26843.96,1893.619743,0,0
15221.3446,,26620.88,2051.88903,0,0,26614.12,2269.299721,0,0,26769.6,2589.02399,0,0,26843.96,1874.114077,0,0
15231.3521,,26620.88,2032.490858,0,0,26614.12,2242.479045,0,0,26769.6,2558.589899,0,0,26843.96,1853.463611,0,0
15241.3595,,26620.88,2008.1516,0,0,26614.12,2213.500381,0,0,26769.6,2521.32702,0,0,26843.96,1834.299169,0,0
15251.367,,26620.88,1988.994413,0,0,26614.12,2187.562865,0,0,26769.6,2491.539394,0,0,26843.96,1815.670864,0,0
15261.3744,,26620.88,1965.335957,0,0,26614.12,2158.507239,0,0,26769.6,2455.736111,0,0,26843.96,1794.314279,0,0
15271.3819,,26620.88,1944.077958,0,0,26614.12,2134.085344,0,0,26769.6,2425.691919,0,0,26843.96,1775.008562,0,0
15281.3894,,26620.88,1920.807517,0,0,26614.12,2102.552451,0,0,26769.6,2386.706313,0,0,26843.96,1755.230924,0,0
15291.3968,,26620.88,1901.086592,0,0,26614.12,2076.178308,0,0,26769.6,2359.069949,0,0,26843.96,1734.449257,0,0
15301.4043,,26620.88,1877.539106,0,0,26614.12,2047.620015,0,0,26769.6,2320.641919,0,0,26843.96,1714.257366,0,0
15311.4117,,26620.88,1856.649822,0,0,26614.12,2019.652019,0,0,26769.6,2292.796465,0,0,26843.96,1697.105767,0,0
15321.4192,,26620.88,1833.236922,0,0,26614.12,1994.874524,0,0,26769.6,2257.758081,0,0,26843.96,1675.81793,0,0
15331.4267,,26620.88,1812.413662,0,0,26614.12,1965.155702,0,0,26769.6,2228.127778,0,0,26843.96,1655.937044,0,0
15341.4341,,26620.88,1788.257491,0,0,26614.12,1938.680975,0,0,26769.6,2192.702273,0,0,26843.96,1635.537144,0,0
15351.4416,,26620.88,1768.441849,0,0,26614.12,1910.907798,0,0,26769.6,2163.119949,0,0,26843.96,1612.434903,0,0
15361.449,,26620.88,1745.667852,0,0,26614.12,1886.033782,0,0,26769.6,2127.330556,0,0,26843.96,1597.133719,0,0
15371.4565,,26620.88,1726.732098,0,0,26614.12,1859.193294,0,0,26769.6,2101.694697,0,0,26843.96,1578.780156,0,0
15381.4639,,26620.88,1706.756983,0,0,26614.12,1836.403861,0,0,26769.6,2067.005556,0,0,26843.96,1559.66759,0,0
15391.4714,,26620.88,1683.457593,0,0,26614.12,1809.063246,0,0,26769.6,2040.949747,0,0,26843.96,1539.644926,0,0
15401.4789,,26620.88,1663.461402,0,0,26614.12,1785.18923,0,0,26769.6,2009.817677,0,0,26843.96,1523.529841,0,0
15411.4863,,26620.88,1643.514982,0,0,26614.12,1757.989078,0,0,26769.6,1984.205051,0,0,26843.96,1503.527323,0,0
15421.4938,,26620.88,1625.199594,0,0,26614.12,1738.10287,0,0,26769.6,1951.331313,0,0,26843.96,1485.669605,0,0
15431.5012,,26620.88,1604.594972,0,0,26614.12,1712.474219,0,0,26769.6,1927.631061,0,0,26843.96,1467.546965,0,0
15441.5087,,26620.88,1583.054596,0,0,26614.12,1691.166878,0,0,26769.6,1896.988131,0,0,26843.96,1451.030723,0,0
15451.5162,,26620.88,1564.483494,0,0,26614.12,1666.504699,0,0,26769.6,1871.470202,0,0,26843.96,1432.516746,0,0
15461.5236,,26620.88,1546.199086,0,0,26614.12,1646.249174,0,0,26769.6,1841.815909,0,0,26843.96,1415.483002,0,0
15471.5311,,26620.88,1525.019807,0,0,26614.12,1620.759208,0,0,26769.6,1818.568687,0,0,26843.96,1398.407454,0,0
15481.5385,,26620.88,1508.880396,0,0,26614.12,1602.079756,0,0,26769.6,1790.268434,0,0,26843.96,1383.620499,0,0
15491.546,,26620.88,1489.171661,0,0,26614.12,1578.456439,0,0,26769.6,1768.124242,0,0,26843.96,1365.443717,0,0
15501.5535,,26620.88,1472.893347,0,0,26614.12,1559.254255,0,0,26769.6,1742.118687,0,0,26843.96,1351.240242,0,0
15511.5609,,26620.88,1454.876587,0,0,26614.12,1536.672339,0,0,26769.6,1721.65,0,0,26843.96,1333.498363,0,0
15521.5684,,26620.88,1439.812087,0,0,26614.12,1522.175006,0,0,26769.6,1695.226768,0,0,26843.96,1322.000504,0,0
15531.5758,,26620.88,1422.08126,0,0,26614.12,1498.924308,0,0,26769.6,1675.034343,0,0,26843.96,1303.557542,0,0
15541.5833,,26620.88,1406.621635,0,0,26614.12,1480.715265,0,0,26769.6,1652.038636,0,0,26843.96,1290.416016,0,0
15551.5907,,26620.88,1389.601574,0,0,26614.12,1459.22479,0,0,26769.6,1633.212626,0,0,26843.96,1274.54898,0,0
15561.5982,,26620.88,1375.833164,0,0,26614.12,1444.213106,0,0,26769.6,1610.384596,0,0,26843.96,1263.985142,0,0
15571.6057,,26620.88,1359.148553,0,0,26614.12,1422.737871,0,0,26769.6,1589.902525,0,0,26843.96,1248.556787,0,0
15581.6131,,26620.88,1344.149568,0,0,26614.12,1407.297943,0,0,26769.6,1569.081313,0,0,26843.96,1237.174012,0,0
15591.6206,,26620.88,1328.853479,0,0,26614.12,1390.266955,0,0,26769.6,1550.360354,0,0,26843.96,1222.171242,0,0
15601.628,,26620.88,1318.222194,0,0,26614.12,1375.044704,0,0,26769.6,1531.462879,0,0,26843.96,1212.305968,0,0
15611.6355,,26620.88,1300.924327,0,0,26614.12,1355.737363,0,0,26769.6,1514.014141,0,0,26843.96,1197.19995,0,0
15621.643,,26620.88,1289.932199,0,0,26614.12,1342.915672,0,0,26769.6,1495.145455,0,0,26843.96,1187.402669,0,0
15631.6504,,26620.88,1275.527171,0,0,26614.12,1324.547371,0,0,26769.6,1476.639899,0,0,26843.96,1173.59582,0,0
15641.6579,,26620.88,1263.429914,0,0,26614.12,1313.092202,0,0,26769.6,1461.348737,0,0,26843.96,1166.577436,0,0
15651.6653,,26620.88,1249.694769,0,0,26614.12,1296.282195,0,0,26769.6,1445.874747,0,0,26843.96,1153.272224,0,0
15661.6728,,26620.88,1241.479177,0,0,26614.12,1285.342393,0,0,26769.6,1428.830051,0,0,26843.96,1145.002518,0,0
15671.6802,,26620.88,1227.577704,0,0,26614.12,1268.140716,0,0,26769.6,1411.625,0,0,26843.96,1131.722236,0,0
15681.6877,,26620.88,1217.815389,0,0,26614.12,1256.365761,0,0,26769.6,1398.24697,0,0,26843.96,1124.52959,0,0
15691.6952,,26620.88,1204.465211,0,0,26614.12,1242.558547,0,0,26769.6,1383.186111,0,0,26843.96,1113.56686,0,0
15701.7026,,26620.88,1197.34129,0,0,26614.12,1231.131572,0,0,26769.6,1368.280556,0,0,26843.96,1105.941576,0,0
15711.7101,,26620.88,1182.371508,0,0,26614.12,1217.640335,0,0,26769.6,1354.019949,0,0,26843.96,1095.497356,0,0
15721.7175,,26620.88,1175.4774,0,0,26614.12,1206.367793,0,0,26769.6,1339.362121,0,0,26843.96,1087.425334,0,0
15731.725,,26620.88,1163.475368,0,0,26614.12,1196.759462,0,0,26769.6,1326.30303,0,0,26843.96,1078.475951,0,0
15741.7325,,26620.88,1156.182834,0,0,26614.12,1185.195834,0,0,26769.6,1315.105303,0,0,26843.96,1070.415512,0,0
15751.7399,,26620.88,1144.823514,0,0,26614.12,1174.274829,0,0,26769.6,1301.920202,0,0,26843.96,1062.054646,0,0
15761.7474,,26620.88,1136.808532,0,0,26614.12,1162.724155,0,0,26769.6,1290.830303,0,0,26843.96,1054.969025,0,0
15771.7548,,26620.88,1127.195277,0,0,26614.12,1152.638049,0,0,26769.6,1278.025,0,0,26843.96,1047.611181,0,0
15781.7623,,26620.88,1120.165312,0,0,26614.12,1143.95174,0,0,26769.6,1268.804293,0,0,26843.96,1040.62201,0,0
15791.7698,,26620.88,1111.548502,0,0,26614.12,1133.860554,0,0,26769.6,1255.375253,0,0,26843.96,1033.081088,0,0
15801.7772,,26620.88,1105.230574,0,0,26614.12,1125.016256,0,0,26769.6,1247.934848,0,0,26843.96,1026.091665,0,0
15811.7847,,26620.88,1095.082783,0,0,26614.12,1114.754128,0,0,26769.6,1234.591162,0,0,26843.96,1020.00554,0,0
15821.7921,,26620.88,1088.797105,0,0,26614.12,1107.368809,0,0,26769.6,1226.422475,0,0,26843.96,1013.622261,0,0
15831.7996,,26620.88,1081.454292,0,0,26614.12,1099.293625,0,0,26769.6,1215.059848,0,0,26843.96,1007.858222,0,0
15841.807,,26620.88,1073.914424,0,0,26614.12,1090.480315,0,0,26769.6,1207.789394,0,0,26843.96,1001.976328,0,0
15851.8145,,26620.88,1064.637633,0,0,26614.12,1082.84125,0,0,26769.6,1198.239646,0,0,26843.96,996.1478217,0,0
15861.822,,26620.88,1060.586338,0,0,26614.12,1074.84887,0,0,26769.6,1190.815909,0,0,26843.96,990.3339209,0,0
15871.8294,,26620.88,1056.079482,0,0,26614.12,1071.76632,0,0,26769.6,1178.555808,0,0,26843.96,987.260136,0,0
15881.8369,,26620.88,1089.085576,0,0,26614.12,1099.962408,0,0,26769.6,1190.141414,0,0,26843.96,1015.587761,0,0
15891.8443,,26620.88,1177.750889,0,0,26614.12,1192.337059,0,0,26769.6,1271.943434,0,0,26843.96,1090.820448,0,0
15901.8518,,26620.88,1295.081513,0,0,26614.12,1316.732283,0,0,26769.6,1418.534596,0,0,26843.96,1193.912616,0,0
15911.8593,,26620.88,1421.794058,0,0,26614.12,1453.955804,0,0,26769.6,1584.655556,0,0,26843.96,1308.988164,0,0
15921.8667,,26620.88,1548.981717,0,0,26614.12,1590.895098,0,0,26769.6,1761.711869,0,0,26843.96,1421.067993,0,0
15931.8742,,26620.88,1669.375317,0,0,26614.12,1726.83109,0,0,26769.6,1928.437879,0,0,26843.96,1529.516998,0,0
15941.8816,,26620.88,1781.225749,0,0,26614.12,1849.02286,0,0,26769.6,2092.696465,0,0,26843.96,1626.604382,0,0
15951.8891,,26620.88,1882.291011,0,0,26614.12,1963.08001,0,0,26769.6,2232.755051,0,0,26843.96,1713.37925,0,0
15961.8966,,26620.88,1970.833164,0,0,26614.12,2060.684531,0,0,26769.6,2360.008333,0,0,26843.96,1784.397381,0,0
15971.904,,26620.88,2048.415439,0,0,26614.12,2152.842266,0,0,26769.6,2464.639899,0,0,26843.96,1851.959708,0,0
15981.9115,,26620.88,2115.708228,0,0,26614.12,2225.580645,0,0,26769.6,2567.454545,0,0,26843.96,1899.956182,0,0
15991.9189,,26620.88,2170.03225,0,0,26614.12,2297.322835,0,0,26769.6,2640.45,0,0,26843.96,1948.974062,0,0
16001.9264,,26620.88,2217.792534,0,0,26614.12,2348.378715,0,0,26769.6,2713.807323,0,0,26843.96,1981.653236,0,0
16011.9338,,26620.88,2258.085069,0,0,26614.12,2399.358649,0,0,26769.6,2764.876515,0,0,26843.96,2015.206245,0,0
16021.9413,,26620.88,2284.363128,0,0,26614.12,2433.809754,0,0,26769.6,2811.160859,0,0,26843.96,2032.057668,0,0
16031.9488,,26620.88,2312.042153,0,0,26614.12,2463.578359,0,0,26769.6,2838.529798,0,0,26843.96,2050.678922,0,0
16041.9562,,26620.88,2326.049771,0,0,26614.12,2481.673863,0,0,26769.6,2865.805051,0,0,26843.96,2059.619995,0,0
16051.9637,,26620.88,2342.671407,0,0,26614.12,2499.546101,0,0,26769.6,2875.629293,0,0,26843.96,2067.783682,0,0
16061.9711,,26620.88,2344.856018,0,0,26614.12,2504.628143,0,0,26769.6,2890.243434,0,0,26843.96,2069.053135,0,0
16071.9786,,26620.88,2352.728796,0,0,26614.12,2516.557531,0,0,26769.6,2890.090909,0,0,26843.96,2074.456308,0,0
16081.9861,,26620.88,2350.311326,0,0,26614.12,2509.907798,0,0,26769.6,2894.299242,0,0,26843.96,2066.547973,0,0
16091.9935,,26620.88,2346.289487,0,0,26614.12,2512.384049,0,0,26769.6,2885.377273,0,0,26843.96,2064.333165,0,0
16102.001,,26620.88,2338.07288,0,0,26614.12,2500.748031,0,0,26769.6,2876.427273,0,0,26843.96,2052.015613,0,0
16112.0084,,26620.88,2334.194007,0,0,26614.12,2493.854458,0,0,26769.6,2859.988636,0,0,26843.96,2049.338706,0,0
16122.0159,,26620.88,2319.223972,0,0,26614.12,2479.050038,0,0,26769.6,2845.112121,0,0,26843.96,2035.333165,0,0
16132.0233,,26620.88,2309.386998,0,0,26614.12,2468.728727,0,0,26769.6,2823.621717,0,0,26843.96,2025.836061,0,0
16142.0308,,26620.88,2293.260792,0,0,26614.12,2443.997714,0,0,26769.6,2803.134091,0,0,26843.96,2008.452531,0,0
16152.0383,,26620.88,2281.553327,0,0,26614.12,2432.438151,0,0,26769.6,2782.022727,0,0,26843.96,1995.978847,0,0
16162.0457,,26620.88,2260.227273,0,0,26614.12,2406.259843,0,0,26769.6,2758.794949,0,0,26843.96,1977.700579,0,0
16172.0532,,26620.88,2248.49289,0,0,26614.12,2391.756414,0,0,26769.6,2729.792677,0,0,26843.96,1963.67036,0,0
16182.0606,,26620.88,2225.694261,0,0,26614.12,2362.723139,0,0,26769.6,2700.189899,0,0,26843.96,1941.43591,0,0
16192.0681,,26620.88,2211.020569,0,0,26614.12,2342.009398,0,0,26769.6,2673.966162,0,0,26843.96,1927.474188,0,0
16202.0756,,26620.88,2183.970543,0,0,26614.12,2311.807468,0,0,26769.6,2643.209091,0,0,26843.96,1904.865273,0,0
16212.083,,26620.88,2168.113509,0,0,26614.12,2290.672085,0,0,26769.6,2609.734343,0,0,26843.96,1889.925711,0,0
16222.0905,,26620.88,2142.068309,0,0,26614.12,2258.20955,0,0,26769.6,2577.078535,0,0,26843.96,1866.639134,0,0
16232.0979,,26620.88,2122.831386,0,0,26614.12,2235.060452,0,0,26769.6,2545.630808,0,0,26843.96,1849.995971,0,0
16242.1054,,26620.88,2096.046978,0,0,26614.12,2204.275337,0,0,26769.6,2511.174495,0,0,26843.96,1826.231932,0,0
16252.1129,,26620.88,2077.239462,0,0,26614.12,2181.439675,0,0,26769.6,2478.763384,0,0,26843.96,1808.277008,0,0
16262.1203,,26620.88,2049.536313,0,0,26614.12,2150.270511,0,0,26769.6,2444.029798,0,0,26843.96,1786.70486,0,0
16272.1278,,26620.88,2031.961656,0,0,26614.12,2124.569469,0,0,26769.6,2413.163636,0,0,26843.96,1769.456308,0,0
16282.1352,,26620.88,2006.971813,0,0,26614.12,2091.761748,0,0,26769.6,2376.947475,0,0,26843.96,1747.035759,0,0
16292.1427,,26620.88,1985.965973,0,0,26614.12,2066.920244,0,0,26769.6,2345.77399,0,0,26843.96,1728.371443,0,0
16302.1501,,26620.88,1959.336211,0,0,26614.12,2036.701803,0,0,26769.6,2310.449242,0,0,26843.96,1705.75447,0,0
16312.1576,,26620.88,1939.958608,0,0,26614.12,2010.75743,0,0,26769.6,2279.894192,0,0,26843.96,1688.621758,0,0
16322.1651,,26620.88,1911.987811,0,0,26614.12,1984.590551,0,0,26769.6,2243.335859,0,0,26843.96,1669.093679,0,0
16332.1725,,26620.88,1894.432707,0,0,26614.12,1956.445517,0,0,26769.6,2213.713889,0,0,26843.96,1650.022916,0,0
16342.18,,26620.88,1866.266379,0,0,26614.12,1927.898654,0,0,26769.6,2180.271717,0,0,26843.96,1627.463359,0,0
16352.1874,,26620.88,1847.086338,0,0,26614.12,1903.989332,0,0,26769.6,2149.648485,0,0,26843.96,1610.58625,0,0
16362.1949,,26620.88,1820.831894,0,0,26614.12,1875.500127,0,0,26769.6,2113.948737,0,0,26843.96,1589.685218,0,0
16372.2024,,26620.88,1801.365922,0,0,26614.12,1850.711201,0,0,26769.6,2087.614394,0,0,26843.96,1571.982876,0,0
16382.2098,,26620.88,1776.583545,0,0,26614.12,1825.03556,0,0,26769.6,2054.941162,0,0,26843.96,1551.606648,0,0
16392.2173,,26620.88,1758.262316,0,0,26614.12,1799.619761,0,0,26769.6,2026.590909,0,0,26843.96,1532.457064,0,0
16402.2247,,26620.88,1733.133062,0,0,26614.12,1775.704851,0,0,26769.6,1994.842677,0,0,26843.96,1513.547973,0,0
16412.2322,,26620.88,1712.996445,0,0,26614.12,1750.716789,0,0,26769.6,1968.431061,0,0,26843.96,1496.938806,0,0
16422.2396,,26620.88,1689.512443,0,0,26614.12,1727.074676,0,0,26769.6,1937.958081,0,0,26843.96,1479.663057,0,0
16432.2471,,26620.88,1670.162011,0,0,26614.12,1704.791212,0,0,26769.6,1911.07702,0,0,26843.96,1461.484009,0,0
16442.2546,,26620.88,1648.336465,0,0,26614.12,1680.604521,0,0,26769.6,1880.773232,0,0,26843.96,1443.13926,0,0
16452.262,,26620.88,1628.754698,0,0,26614.12,1656.928626,0,0,26769.6,1854.775253,0,0,26843.96,1424.099219,0,0
16462.2695,,26620.88,1609.495175,0,0,26614.12,1637.188468,0,0,26769.6,1828.217424,0,0,26843.96,1408.878116,0,0
16472.2769,,26620.88,1588.22067,0,0,26614.12,1613.09144,0,0,26769.6,1805.840152,0,0,26843.96,1389.764291,0,0
16482.2844,,26620.88,1569.583291,0,0,26614.12,1591.592837,0,0,26769.6,1775.529293,0,0,26843.96,1376.229665,0,0
16492.2919,,26620.88,1548.007618,0,0,26614.12,1570.458725,0,0,26769.6,1755.192172,0,0,26843.96,1357.274994,0,0
16522.3142,,26620.88,1493.243017,0,0,26614.12,1512.255779,0,0,26769.6,1682.182576,0,0,26843.96,1312.599345,0,0
16532.3217,,26620.88,1475.709497,0,0,26614.12,1488.775718,0,0,26769.6,1661.919697,0,0,26843.96,1296.550743,0,0
16542.3292,,26620.88,1456.933469,0,0,26614.12,1473.971044,0,0,26769.6,1637.316667,0,0,26843.96,1283.691765,0,0
16552.3366,,26620.88,1440.53098,0,0,26614.12,1450.20066,0,0,26769.6,1618.712374,0,0,26843.96,1268.622261,0,0
16562.3441,,26620.88,1424.933723,0,0,26614.12,1435.07747,0,0,26769.6,1594.529798,0,0,26843.96,1255.715185,0,0
16572.3515,,26620.88,1406.683088,0,0,26614.12,1415.850648,0,0,26769.6,1576.808838,0,0,26843.96,1239.863259,0,0
16582.359,,26620.88,1390.425089,0,0,26614.12,1399.505461,0,0,26769.6,1553.960859,0,0,26843.96,1229.532863,0,0
16592.3664,,26620.88,1376.616557,0,0,26614.12,1381.793244,0,0,26769.6,1538.12197,0,0,26843.96,1216.058927,0,0
16602.3739,,26620.88,1362.719147,0,0,26614.12,1367.337059,0,0,26769.6,1517.300253,0,0,26843.96,1204.932259,0,0
16612.3814,,26620.88,1346.766125,0,0,26614.12,1348.93904,0,0,26769.6,1500.615657,0,0,26843.96,1192.680937,0,0
16622.3888,,26620.88,1334.145759,0,0,26614.12,1337.091186,0,0,26769.6,1482.789394,0,0,26843.96,1182.047595,0,0
16632.3963,,26620.88,1319.436008,0,0,26614.12,1318.183896,0,0,26769.6,1466.892172,0,0,26843.96,1168.737849,0,0
16642.4037,,26620.88,1305.477654,0,0,26614.12,1306.128524,0,0,26769.6,1445.785101,0,0,26843.96,1159.278016,0,0
16652.4112,,26620.88,1291.306755,0,0,26614.12,1289.214884,0,0,26769.6,1431.675505,0,0,26843.96,1146.735079,0,0
16662.4187,,26620.88,1277.782885,0,0,26614.12,1276.272543,0,0,26769.6,1414.440152,0,0,26843.96,1138.45102,0,0
16672.4261,,26620.88,1265.250635,0,0,26614.12,1261.692151,0,0,26769.6,1399.862121,0,0,26843.96,1126.837321,0,0
16682.4336,,26620.88,1254.936516,0,0,26614.12,1250.954534,0,0,26769.6,1382.781566,0,0,26843.96,1118.593301,0,0
16692.441,,26620.88,1242.575927,0,0,26614.12,1236.025146,0,0,26769.6,1370.734343,0,0,26843.96,1106.116595,0,0
16702.4485,,26620.88,1232.006348,0,0,26614.12,1226.651257,0,0,26769.6,1355.032576,0,0,26843.96,1098.778645,0,0
16712.4559,,26620.88,1219.717369,0,0,26614.12,1211.729997,0,0,26769.6,1342.830808,0,0,26843.96,1090.197431,0,0
16722.4634,,26620.88,1210.36516,0,0,26614.12,1203.228092,0,0,26769.6,1329.218182,0,0,26843.96,1082.305716,0,0
16732.4709,,26620.88,1198.693245,0,0,26614.12,1189.075438,0,0,26769.6,1315.939394,0,0,26843.96,1072.438177,0,0
16742.4783,,26620.88,1189.223972,0,0,26614.12,1179.341123,0,0,26769.6,1303.712626,0,0,26843.96,1067.081088,0,0
16752.4858,,26620.88,1178.284916,0,0,26614.12,1168.961646,0,0,26769.6,1291.189899,0,0,26843.96,1056.480735,0,0
16762.4932,,26620.88,1169.985526,0,0,26614.12,1158.335281,0,0,26769.6,1279.555556,0,0,26843.96,1050.790229,0,0
16772.5007,,26620.88,1158.542915,0,0,26614.12,1147.844552,0,0,26769.6,1268.344192,0,0,26843.96,1043.105011,0,0
16782.5082,,26620.88,1150.875063,0,0,26614.12,1139.335789,0,0,26769.6,1256.134596,0,0,26843.96,1036.566608,0,0
16792.5156,,26620.88,1140.54901,0,0,26614.12,1127.492507,0,0,26769.6,1245.588889,0,0,26843.96,1026.534122,0,0
16802.5231,,26620.88,1133.295582,0,0,26614.12,1119.849632,0,0,26769.6,1236.184091,0,0,26843.96,1022.296651,0,0
16812.5305,,26620.88,1123.002285,0,0,26614.12,1110.153162,0,0,26769.6,1223.946465,0,0,26843.96,1015.589524,0,0
16822.538,,26620.88,1118.044947,0,0,26614.12,1103.91364,0,0,26769.6,1216.488889,0,0,26843.96,1009.985394,0,0
16832.5455,,26620.88,1107.991366,0,0,26614.12,1092.90221,0,0,26769.6,1206.596465,0,0,26843.96,1002.730043,0,0
16842.5529,,26620.88,1101.998222,0,0,26614.12,1087.495555,0,0,26769.6,1198.539646,0,0,26843.96,998.573659,0,0
16852.5604,,26620.88,1093.117318,0,0,26614.12,1078.004572,0,0,26769.6,1187.75404,0,0,26843.96,990.6310753,0,0
16862.5678,,26620.88,1088.137125,0,0,26614.12,1072.751588,0,0,26769.6,1181.466919,0,0,26843.96,986.602619,0,0
16872.5753,,26620.88,1081.701625,0,0,26614.12,1066.487427,0,0,26769.6,1170.97197,0,0,26843.96,982.8544447,0,0
16882.5827,,26620.88,1123.821483,0,0,26614.12,1103.555499,0,0,26769.6,1185.164394,0,0,26843.96,1015.085873,0,0
16892.5902,,26620.88,1221.249111,0,0,26614.12,1199.834646,0,0,26769.6,1274.201768,0,0,26843.96,1095.880383,0,0
16902.5977,,26620.88,1352.630015,0,0,26614.12,1328.83871,0,0,26769.6,1426.453535,0,0,26843.96,1202.715437,0,0
16912.6051,,26620.88,1486.891823,0,0,26614.12,1467.559055,0,0,26769.6,1598.227525,0,0,26843.96,1316.101486,0,0
16922.6126,,26620.88,1625.904266,0,0,26614.12,1608.448565,0,0,26769.6,1776.202778,0,0,26843.96,1431.874339,0,0
16932.62,,26620.88,1750.731082,0,0,26614.12,1739.509271,0,0,26769.6,1943.807071,0,0,26843.96,1538.999245,0,0
16942.6275,,26620.88,1870.532758,0,0,26614.12,1865.965456,0,0,26769.6,2109.726515,0,0,26843.96,1635.807605,0,0
16952.635,,26620.88,1974.583545,0,0,26614.12,1978.584201,0,0,26769.6,2245.623737,0,0,26843.96,1721.112818,0,0
16962.6424,,26620.88,2071.123921,0,0,26614.12,2079.858014,0,0,26769.6,2376.835101,0,0,26843.96,1796.134223,0,0
16972.6499,,26620.88,2153.422042,0,0,26614.12,2172.058674,0,0,26769.6,2482.69798,0,0,26843.96,1857.091413,0,0
16982.6573,,26620.88,2222.07872,0,0,26614.12,2243.75235,0,0,26769.6,2579.57298,0,0,26843.96,1910.164442,0,0
16992.6648,,26620.88,2277.39487,0,0,26614.12,2310.380493,0,0,26769.6,2653.147475,0,0,26843.96,1953.549232,0,0
17002.6722,,26620.88,2326.088878,0,0,26614.12,2360.948946,0,0,26769.6,2722.051768,0,0,26843.96,1987.749685,0,0
17012.6797,,26620.88,2362.973591,0,0,26614.12,2407.482855,0,0,26769.6,2770.37298,0,0,26843.96,2015.603123,0,0
17022.6872,,26620.88,2393.997461,0,0,26614.12,2440.039624,0,0,26769.6,2815.667172,0,0,26843.96,2034.819441,0,0
17032.6946,,26620.88,2416.608431,0,0,26614.12,2471.865888,0,0,26769.6,2841.885859,0,0,26843.96,2053.028708,0,0
17042.7021,,26620.88,2438.637633,0,0,26614.12,2488.20193,0,0,26769.6,2867.17702,0,0,26843.96,2061.268194,0,0
17052.7095,,26620.88,2448.299898,0,0,26614.12,2504.059436,0,0,26769.6,2876.956061,0,0,26843.96,2069.358348,0,0
17062.717,,26620.88,2456.326308,0,0,26614.12,2509.539751,0,0,26769.6,2890.314394,0,0,26843.96,2069.956938,0,0
17072.7245,,26620.88,2458.605637,0,0,26614.12,2518.08636,0,0,26769.6,2890.687374,0,0,26843.96,2073.494334,0,0
17082.7319,,26620.88,2455.143982,0,0,26614.12,2515.03302,0,0,26769.6,2892.722727,0,0,26843.96,2068.156887,0,0
17092.7394,,26620.88,2453.157694,0,0,26614.12,2514.12573,0,0,26769.6,2884.791667,0,0,26843.96,2064.557039,0,0
17102.7468,,26620.88,2446.459116,0,0,26614.12,2503.710947,0,0,26769.6,2874.974495,0,0,26843.96,2055.732813,0,0
17112.7543,,26620.88,2437.954545,0,0,26614.12,2498.393193,0,0,26769.6,2857.737121,0,0,26843.96,2048.174767,0,0
17122.7618,,26620.88,2424.695531,0,0,26614.12,2479.531623,0,0,26769.6,2845.573232,0,0,26843.96,2034.509443,0,0
17132.7692,,26620.88,2412.469782,0,0,26614.12,2468.256795,0,0,26769.6,2822.442677,0,0,26843.96,2023.609166,0,0
17142.7767,,26620.88,2397.491874,0,0,26614.12,2446.81458,0,0,26769.6,2804.505556,0,0,26843.96,2004.979854,0,0
17152.7841,,26620.88,2377.38903,0,0,26614.12,2427.614681,0,0,26769.6,2773.193687,0,0,26843.96,1991.156636,0,0
17162.7916,,26620.88,2355.731844,0,0,26614.12,2403.977902,0,0,26769.6,2750.713636,0,0,26843.96,1973.733317,0,0
17172.799,,26620.88,2337.974352,0,0,26614.12,2387.676403,0,0,26769.6,2718.403535,0,0,26843.96,1960.510703,0,0
17182.8065,,26620.88,2315.506094,0,0,26614.12,2357.077978,0,0,26769.6,2694.04596,0,0,26843.96,1939.460841,0,0
17192.814,,26620.88,2295.793042,0,0,26614.12,2335.14224,0,0,26769.6,2659.329798,0,0,26843.96,1924.991186,0,0
17202.8214,,26620.88,2274.000254,0,0,26614.12,2307.150114,0,0,26769.6,2633.04899,0,0,26843.96,1898.301687,0,0
17212.8289,,26620.88,2251.963941,0,0,26614.12,2285.155448,0,0,26769.6,2599.183586,0,0,26843.96,1885.123143,0,0
17222.8363,,26620.88,2224.583291,0,0,26614.12,2254.415545,0,0,26769.6,2568.392677,0,0,26843.96,1864.571393,0,0
17232.8438,,26620.88,2206.305485,0,0,26614.12,2231.490221,0,0,26769.6,2535.159091,0,0,26843.96,1847.590028,0,0
17242.8513,,26620.88,2175.533012,0,0,26614.12,2199.252731,0,0,26769.6,2502.892424,0,0,26843.96,1823.679678,0,0
17252.8587,,26620.88,2155.843321,0,0,26614.12,2175.301245,0,0,26769.6,2468.275253,0,0,26843.96,1807.022916,0,0
17262.8662,,26620.88,2125.959116,0,0,26614.12,2141.416053,0,0,26769.6,2434.749495,0,0,26843.96,1783.127927,0,0
17272.8736,,26620.88,2105.309802,0,0,26614.12,2119.060706,0,0,26769.6,2400.148485,0,0,26843.96,1765.54067,0,0
17282.8811,,26620.88,2075.4129,0,0,26614.12,2087.348997,0,0,26769.6,2368.246717,0,0,26843.96,1741.795769,0,0
17292.8886,,26620.88,2053.526155,0,0,26614.12,2061.629921,0,0,26769.6,2335.224495,0,0,26843.96,1725.223621,0,0
17302.896,,26620.88,2024.780091,0,0,26614.12,2029.14224,0,0,26769.6,2299.6,0,0,26843.96,1702.787207,0,0
17312.9035,,26620.88,2002.460894,0,0,26614.12,2006.652019,0,0,26769.6,2268.782071,0,0,26843.96,1686.159658,0,0
17322.9109,,26620.88,1973.617064,0,0,26614.12,1972.920244,0,0,26769.6,2232.854545,0,0,26843.96,1661.462856,0,0
17332.9184,,26620.88,1948.966734,0,0,26614.12,1946.544069,0,0,26769.6,2203.538384,0,0,26843.96,1645.049106,0,0
17342.9258,,26620.88,1922.576689,0,0,26614.12,1917.413513,0,0,26769.6,2168.766414,0,0,26843.96,1623.085621,0,0
17352.9333,,26620.88,1900.48578,0,0,26614.12,1896.909068,0,0,26769.6,2140.347222,0,0,26843.96,1605.672878,0,0
17362.9408,,26620.88,1873.112748,0,0,26614.12,1866.406401,0,0,26769.6,2105.892677,0,0,26843.96,1583.854948,0,0
17372.9482,,26620.88,1851.576435,0,0,26614.12,1844.293117,0,0,26769.6,2079.752778,0,0,26843.96,1566.808109,0,0
17382.9557,,26620.88,1822.8032,0,0,26614.12,1814.239268,0,0,26769.6,2046.186869,0,0,26843.96,1546.380509,0,0
17392.9631,,26620.88,1802.949467,0,0,26614.12,1790.526543,0,0,26769.6,2016.464394,0,0,26843.96,1527.658021,0,0
17402.9706,,26620.88,1776.253174,0,0,26614.12,1765.79045,0,0,26769.6,1985.261616,0,0,26843.96,1509.143289,0,0
17412.9781,,26620.88,1754.880904,0,0,26614.12,1743.065786,0,0,26769.6,1956.716162,0,0,26843.96,1491.657769,0,0
17422.9855,,26620.88,1727.339005,0,0,26614.12,1715.7587,0,0,26769.6,1925.62601,0,0,26843.96,1472.922186,0,0
17432.993,,26620.88,1708.592433,0,0,26614.12,1695.604267,0,0,26769.6,1901.275758,0,0,26843.96,1456.440947,0,0
17443.0004,,26620.88,1682.968258,0,0,26614.12,1670.91999,0,0,26769.6,1870.989646,0,0,26843.96,1436.407706,0,0
17453.0079,,26620.88,1663.946673,0,0,26614.12,1648.507747,0,0,26769.6,1847.530051,0,0,26843.96,1419.648955,0,0
17463.0153,,26620.88,1639.079228,0,0,26614.12,1626.374397,0,0,26769.6,1817.796717,0,0,26843.96,1401.356082,0,0
17473.0228,,26620.88,1620.75419,0,0,26614.12,1605.306325,0,0,26769.6,1795.618939,0,0,26843.96,1386.320071,0,0
17483.0303,,26620.88,1595.406044,0,0,26614.12,1582.589535,0,0,26769.6,1765.792172,0,0,26843.96,1368.884412,0,0
17493.0377,,26620.88,1576.559421,0,0,26614.12,1562.749301,0,0,26769.6,1744.627778,0,0,26843.96,1353.935281,0,0
17503.0452,,26620.88,1556.396394,0,0,26614.12,1541.857506,0,0,26769.6,1718.976515,0,0,26843.96,1338.206749,0,0
17513.0526,,26620.88,1536.288979,0,0,26614.12,1522.622809,0,0,26769.6,1695.99798,0,0,26843.96,1323.154873,0,0
17523.0601,,26620.88,1515.605383,0,0,26614.12,1501.653289,0,0,26769.6,1669.450253,0,0,26843.96,1307.223621,0,0
17533.0676,,26620.88,1497.493906,0,0,26614.12,1481.485141,0,0,26769.6,1650.565909,0,0,26843.96,1291.975069,0,0
17543.075,,26620.88,1478.111732,0,0,26614.12,1463.632461,0,0,26769.6,1626.581818,0,0,26843.96,1278.207504,0,0
17553.0825,,26620.88,1462.181818,0,0,26614.12,1445.123444,0,0,26769.6,1607.613384,0,0,26843.96,1263.130446,0,0
17563.0899,,26620.88,1442.846369,0,0,26614.12,1427.272543,0,0,26769.6,1585.155303,0,0,26843.96,1250.020902,0,0
17573.0974,,26620.88,1426.642712,0,0,26614.12,1407.987554,0,0,26769.6,1567.145202,0,0,26843.96,1237.05238,0,0
17583.1049,,26620.88,1409.457593,0,0,26614.12,1393.642621,0,0,26769.6,1544.706061,0,0,26843.96,1225.196172,0,0
17593.1123,,26620.88,1394.469274,0,0,26614.12,1374.783846,0,0,26769.6,1529.944949,0,0,26843.96,1211.391589,0,0
17603.1198,,26620.88,1379.443118,0,0,26614.12,1360.464313,0,0,26769.6,1508.923485,0,0,26843.96,1199.392848,0,0
17613.1272,,26620.88,1363.804723,0,0,26614.12,1343.315977,0,0,26769.6,1491.203283,0,0,26843.96,1186.519265,0,0
17623.1347,,26620.88,1348.802184,0,0,26614.12,1328.514605,0,0,26769.6,1472.977525,0,0,26843.96,1177.217829,0,0
17633.1421,,26620.88,1334.830371,0,0,26614.12,1312.746253,0,0,26769.6,1456.283838,0,0,26843.96,1164.203727,0,0
17643.1496,,26620.88,1319.946927,0,0,26614.12,1299.218694,0,0,26769.6,1437.456313,0,0,26843.96,1154.541929,0,0
17653.1571,,26620.88,1307.675216,0,0,26614.12,1283.240284,0,0,26769.6,1422.633838,0,0,26843.96,1142.625031,0,0
17663.1645,,26620.88,1292.163789,0,0,26614.12,1271.859792,0,0,26769.6,1405.437374,0,0,26843.96,1133.632838,0,0
17673.172,,26620.88,1280.455307,0,0,26614.12,1257.485649,0,0,26769.6,1390.858586,0,0,26843.96,1123.360111,0,0
17683.1794,,26620.88,1267.548248,0,0,26614.12,1245.06477,0,0,26769.6,1376.001768,0,0,26843.96,1113.494838,0,0
17693.1869,,26620.88,1256.446927,0,0,26614.12,1231.218694,0,0,26769.6,1361.740404,0,0,26843.96,1102.849156,0,0
17703.1944,,26620.88,1243.569071,0,0,26614.12,1220.342393,0,0,26769.6,1346.363636,0,0,26843.96,1095.416016,0,0
17713.2018,,26620.88,1233.30193,0,0,26614.12,1209.411735,0,0,26769.6,1335.099495,0,0,26843.96,1086.090909,0,0
17723.2093,,26620.88,1222.396902,0,0,26614.12,1197.128778,0,0,26769.6,1319.694697,0,0,26843.96,1079.905062,0,0
17733.2167,,26620.88,1210.127222,0,0,26614.12,1185.409195,0,0,26769.6,1308.375,0,0,26843.96,1068.1793,0,0
17743.2242,,26620.88,1200.00127,0,0,26614.12,1175.653543,0,0,26769.6,1293.828535,0,0,26843.96,1060.179552,0,0
17753.2316,,26620.88,1190.744033,0,0,26614.12,1164.610109,0,0,26769.6,1284.600253,0,0,26843.96,1053.446487,0,0
17763.2391,,26620.88,1181.274251,0,0,26614.12,1155.442469,0,0,26769.6,1270.860101,0,0,26843.96,1047.404684,0,0
17773.2466,,26620.88,1169.131539,0,0,26614.12,1142.505969,0,0,26769.6,1261.544949,0,0,26843.96,1038.870562,0,0
17783.254,,26620.88,1161.166328,0,0,26614.12,1134.863602,0,0,26769.6,1247.62803,0,0,26843.96,1032.066986,0,0
17793.2615,,26620.88,1151.409091,0,0,26614.12,1125.556515,0,0,26769.6,1238.712121,0,0,26843.96,1024.579199,0,0
17803.2689,,26620.88,1143.724225,0,0,26614.12,1115.710185,0,0,26769.6,1227.645455,0,0,26843.96,1020.104004,0,0
17813.2764,,26620.88,1133.96191,0,0,26614.12,1106.760478,0,0,26769.6,1219.291162,0,0,26843.96,1011.267439,0,0
17823.2839,,26620.88,1127.380396,0,0,26614.12,1100.372365,0,0,26769.6,1208.40202,0,0,26843.96,1006.808864,0,0
17833.2913,,26620.88,1117.894109,0,0,26614.12,1090.712217,0,0,26769.6,1199.880303,0,0,26843.96,999.0279527,0,0
17843.2988,,26620.88,1111.456323,0,0,26614.12,1083.698755,0,0,26769.6,1190.132323,0,0,26843.96,994.5494838,0,0
17853.3062,,26620.88,1102.521585,0,0,26614.12,1075.310135,0,0,26769.6,1181.878283,0,0,26843.96,988.2966507,0,0
17863.3137,,26620.88,1096.212544,0,0,26614.12,1069.149606,0,0,26769.6,1173.445707,0,0,26843.96,983.8191891,0,0